Firm,Website,Firm's Investment Category,HQ
.406 Ventures,www.406ventures.com,"AI/ML, Healthcare, Big Data, SaaS, Energy, Security, Enterprise","Boston, Massachusetts, United States"
360 Capital Partners,www.360capitalpartners.com,"Robotics, Finance, AI/ML, Mobile, E-Commerce, Retail, Consumer","Paris, Ile-de-France, France"
645 Ventures,645ventures.com,"E-Commerce, Mobile, Social, Enterprise, SaaS, Consumer","New York, New York, United States"
7wire Ventures,www.7wireventures.com,"Education, Life Sci., Mobile, Healthcare","Chicago, Illinois, United States"
808 Ventures,www.808ventures.vc,"AI/ML, Energy, Real Estate, Retail, E-Commerce, Enterprise, Travel","Western Australia, Australia, Oceania"
83North,www.83north.com,"E-Commerce, Finance, Big Data, Mobile, Social, Security, SaaS","Herzliya, Tel Aviv, Israel"
8VC,www.8vc.com,"Big Data, SaaS, Finance, Enterprise, Mobile, Healthcare","San Francisco, California, United States"
Aavishkaar Venture Management services,www.aavishkaar.in,"Retail, E-Commerce, Food & Drink, Healthcare, Energy, Social, Government","Mumbai, Maharashtra, India"
Accel Partners,www.accel.com,"Finance, Enterprise, Big Data, E-Commerce, Social, SaaS, Mobile","Palo Alto, California, United States"
AccelFoods,www.accelfoods.com,Food & Drink,"New York, New York, United States"
Access Venture Partners,www.accessvp.com,"IoT, E-Commerce, Travel, Robotics, Enterprise, Education, Consumer","Westminster, Colorado, United States"
Accomplice,www.accomplice.co,"Big Data, Enterprise, SaaS, Finance, Social, Mobile","Cambridge, Massachusetts, United States"
Acorn Pacific Ventures,www.acornpacific.ventures,"Enterprise, Real Estate, Mobile, Gaming, Delivery, Big Data, Transportation","Santa Clara, California, United States"
Aleph,aleph.vc,"SaaS, E-Commerce, Enterprise, Mobile, Big Data, AI/ML, Finance","Tel Aviv, Tel Aviv, Israel"
Alliance Venture,allianceventure.com,"Security, Mobile, Life Sci., Healthcare, Enterprise","Oslo, Oslo, Norway"
Altos Ventures,altos.vc,"Social, Big Data, Marketplace, Energy, Mobile, E-Commerce, Enterprise","Menlo Park, California, United States"
Alven Capital,www.alven.co,"AI/ML, Big Data, SaaS, Mobile, Enterprise, E-Commerce, Social","Paris, Ile-de-France, France"
AME Cloud Ventures,www.amecloudventures.com,"Life Sci., Healthcare, SaaS, E-Commerce, Enterprise, Big Data, AI/ML","Palo Alto, California, United States"
Amino Capital,www.aminocapital.com,"Big Data, SaaS, Security, Mobile, Enterprise, AI/ML","Palo Alto, California, United States"
Amplify Partners,www.amplifypartners.com,"SaaS, AI/ML, Security, Enterprise, Big Data","Menlo Park, California, United States"
Amplify.LA,amplify.la,"Media, Consumer, SaaS, Social, Healthcare, E-Commerce, Enterprise","Venice, California, United States"
Andreessen Horowitz,a16z.com,"Social, Finance, E-Commerce, Mobile, Enterprise, SaaS, Big Data","Menlo Park, California, United States"
Anthemis Group,www.anthemis.com,"Mobile, AI/ML, Healthcare, Big Data, Energy, Enterprise, Finance","London, England, United Kingdom"
Arab Angel Fund,arabangel.vc,"Healthcare, Mobile, Finance, AI/ML, Enterprise, E-Commerce, Consumer","Washington, District of Columbia, United States"
ARCH Venture Partners,www.archventure.com,"Healthcare, Life Sci.","Chicago, Illinois, United States"
Armory Square Ventures,www.armorysv.com,"Marketplace, Life Sci., Food & Drink, Healthcare, Automotive, Mobile, Gaming","Syracuse, New York, United States"
Array Ventures,array.vc,"Healthcare, Mobile, Big Data, Marketplace, Enterprise, AI/ML, Finance","San Francisco, California, United States"
ARTIS Ventures,www.av.co,"Big Data, Life Sci., Energy, Social, Mobile, Healthcare, SaaS",
Ascension Ventures,ascensionventures.org,"Life Sci., Healthcare, Enterprise","Clarkton, Missouri, United States"
Ascent Venture Partners,www.ascentvp.com,"Big Data, Enterprise, SaaS, Mobile, Security","Boston, Massachusetts, United States"
Aspada,www.aspada.com,"Gaming, Government, Consumer, Transportation, Mobile, Education, Social","Bangalore, Karnataka, India"
Aspect Ventures,aspectventures.com,"Healthcare, Big Data, Finance, Social, AI/ML, Security, SaaS","San Francisco, California, United States"
Atlantic Bridge,www.abven.com," Life Sci., AI/ML, Enterprise, Big Data, Social, Mobile, Consumer","Dublin, Dublin, Ireland"
Atlas Venture,atlasventure.com,"Enterprise, Healthcare, Social, Mobile, Life Sci.","Cambridge, Massachusetts, United States"
Atomico,www.atomico.com,"Enterprise, Social, E-Commerce, Mobile, Consumer","London, England, United Kingdom"
August Capital,www.augustcap.com,"Finance, SaaS, Social, Big Data, E-Commerce, Mobile, Enterprise","Menlo Park, California, United States"
Autotech Ventures,autotechvc.com,"Transportation, E-Commerce, AI/ML, Automotive, Marketplace, Energy, Enterprise","Menlo Park, California, United States"
B Capital Group,www.bcapgroup.com,"Finance, Mobile, Automotive, E-Commerce, Big Data, Healthcare, SaaS","Manhattan Beach, California, United States"
Bain Capital Ventures,www.baincapitalventures.com,"Big Data, E-Commerce, Mobile, SaaS, Enterprise, Healthcare, Finance","Boston, Massachusetts, United States"
Baird Capital,www.bairdcapital.com,"Mobile, Big Data, Enterprise, Healthcare, Life Sci.","Milwaukee, Wisconsin, United States"
Balderton Capital,www.balderton.com,"Finance, Media, AI/ML, SaaS, E-Commerce, Enterprise, Mobile","London, England, United Kingdom"
Baseline Ventures,www.baselinev.com,"Social, Enterprise, SaaS, Mobile, E-Commerce, Consumer","San Francisco, California, United States"
Battery Ventures,www.battery.com,"E-Commerce, Big Data, SaaS, Enterprise, Mobile, Consumer","Boston, Massachusetts, United States"
BDC Venture Capital,www.bdc.ca,"Big Data, Enterprise, SaaS, Healthcare, Mobile, Life Sci.","Montr茅al, Quebec, Canada"
Bee Partners,beepartners.vc,"Security, Consumer, Enterprise","San Francisco, California, United States"
Benchmark,https://twitter.com/benchmark/lists/current-venture-portfolio/members,"SaaS, Social, Mobile, Media, Enterprise","San Francisco, California, United States"
Benhamou Global Ventures,benhamouglobalventures.com,"E-Commerce, Big Data, Energy, Consumer, Security, Mobile, Enterprise","Palo Alto, California, United States"
Bessemer Venture Partners,www.bvp.com,"Mobile, Healthcare, Security, Big Data, Enterprise, SaaS, E-Commerce","Menlo Park, California, United States"
Biomatics Capital Partners,www.biomaticscapital.com,"AI/ML, Media, Security, Healthcare, Big Data, Life Sci., Enterprise","Seattle, Washington, United States"
Blockchain Capital,blockchain.capital,"Finance, Blockchain","San Francisco, California, United States"
BlueRun Ventures,www.brv.com,"Social, Media, Enterprise, E-Commerce, Mobile, Consumer","Menlo Park, California, United States"
Blumberg Capital,www.blumbergcapital.com,"Security, Social, AI/ML, E-Commerce, Finance, SaaS, Enterprise","San Francisco, California, United States"
Blume Ventures,blume.vc,"Mobile, Enterprise, E-Commerce, Social, Consumer","Mumbai, Maharashtra, India"
Boldstart Ventures,www.boldstart.vc,"Social, Big Data, SaaS, Mobile, Enterprise","New York, New York, United States"
Bolt,bolt.io,"Mobile, Robotics, Healthcare, Hardware, Enterprise, IoT","San Francisco, California, United States"
Bonfire Ventures,www.bonfirevc.com,"E-Commerce, SaaS, Mobile, Healthcare, Social, Transportation, Consumer","Los Angeles, California, United States"
Bowery Capital,bowerycap.com,"Marketplace, SaaS, AI/ML, Big Data, Enterprise, Mobile","New York, New York, United States"
Braemar Energy Ventures,www.braemarenergy.com,"Hardware, Healthcare, Life Sci., Clean Tech, Energy","New York, New York, United States"
Brainchild Holdings,brainchild.co,"Marketplace, SaaS, Social, Life Sci., Mobile, E-Commerce, Healthcare","Newtown, Pennsylvania, United States"
Breyer Capital,breyercapital.com,"Marketplace, Finance, Social, Healthcare, Mobile, Consumer, Enterprise","Menlo Park, California, United States"
Brightspark Ventures,brightspark.com,"Enterprise, Social, Big Data, Sports, Mobile","Montr茅al, Quebec, Canada"
Business Growth Fund,www.bgf.co.uk,"Mobile, Retail, Social, Food & Drink, Energy, Healthcare","Birmingham, Birmingham, United Kingdom"
Caffeinated Capital,caffeinatedcapital.com,"Blockchain, AI/ML, Big Data, Mobile, SaaS, Enterprise, Finance","San Francisco, California, United States"
Canaan Partners,www.canaan.com,"Mobile, E-Commerce, Life Sci., Healthcare, Enterprise, Consumer","Menlo Park, California, United States"
Canary,canary.com.br,"Hardware, Security, Enterprise",
Canvas Ventures,www.canvas.vc,"Finance, Big Data, Marketplace, SaaS, Healthcare, Enterprise, Mobile","Portola Valley, California, United States"
CapHorn Invest,www.caphorninvest.com,"Enterprise, Mobile, E-Commerce, SaaS, Social, AI/ML, Consumer","Paris, Ile-de-France, France"
CapitalPitch,capitalpitch.com,"Media, AI/ML, Life Sci., Healthcare, Social","Sydney, New South Wales, Australia"
Charlotte Street Capital,www.charlottestreetcapital.com,"Travel, Finance, AI/ML, SaaS, Mobile, Enterprise, Social","London, England, United Kingdom"
Cherry Tree Investments,cherrytree.vc,"Enterprise, Hardware, Gaming, Mobile, Healthcare, E-Commerce, AR/VR","Los Angeles, California, United States"
Cherry Ventures,www.cherry.vc,"Energy, Healthcare, Social, Marketplace, Mobile, E-Commerce, Finance","Berlin, Berlin, Germany"
Cherubic Ventures,cherubic.com,"Healthcare, AI/ML, Mobile, Enterprise, Social, E-Commerce, Consumer","Taipei, T'ai-pei, Taiwan"
Chicago Ventures,chicagoventures.com,"Healthcare, Retail, SaaS, Enterprise, E-Commerce, Marketplace, Finance","Chicago, Illinois, United States"
Comet Labs,cometlabs.io,"Enterprise, Big Data, Hardware, Robotics, AI/ML","San Francisco, California, United States"
Commerce Ventures,commercevc.com,"SaaS, Retail, Enterprise, Finance, E-Commerce, Mobile, Consumer","San Francisco, California, United States"
CommerzVentures GmbH,www.commerzventures.de,"Social, SaaS, Finance, Real Estate, Mobile, E-Commerce, Consumer","Frankfurt, Hessen, Germany"
Compound,compound.vc,"Big Data, Social, E-Commerce, Mobile, Retail, SaaS, Enterprise","New York, New York, United States"
Concentric,concentricteam.com,"Retail, Big Data, E-Commerce, Delivery, AI/ML, Consumer","London, England, United Kingdom"
Connect Ventures,www.connectventures.co,"Transportation, Media, SaaS, Travel, Finance, E-Commerce, Mobile","London, England, United Kingdom"
Conor Venture Partners,www.conor.vc,"Enterprise, Finance, Life Sci., Big Data, Mobile, SaaS","Espoo, Southern Finland, Finland"
Converge Venture Partners,converge.vc,"Big Data, AI/ML, Social","Cambridge, Massachusetts, United States"
Corazon Capital,www.corazoncap.com,"AI/ML, Enterprise, Energy, Big Data, Consumer, Mobile, Finance","Chicago, Illinois, United States"
Correlation Ventures,correlationvc.com,"Social, SaaS, Enterprise, Mobile, Healthcare, E-Commerce, Big Data","San Diego, California, United States"
Cota Capital,cotacapital.com,"Healthcare, AI/ML, Finance, Enterprise, Mobile, Big Data, SaaS","San Francisco, California, United States"
Courtside Ventures,courtsidevc.com,"Enterprise, AR/VR, Mobile, Sports, Consumer, Social, Gaming","New York, New York, United States"
Cowboy Ventures,cowboy.vc,"Retail, Finance, E-Commerce, Enterprise, Mobile, Social, Consumer",
CRCM Ventures,www.crcmvc.com,"AR/VR, AI/ML, Finance, Enterprise, Mobile, Life Sci., Healthcare","San Francisco, California, United States"
Creandum,www.creandum.com,"SaaS, Enterprise, Finance, Mobile, Big Data","Stockholm, Stockholms Lan, Sweden"
Credo Ventures,www.credoventures.com,"Mobile, Security, AI/ML, Big Data, IoT, Enterprise, SaaS","Prague, Hlavni mesto Praha, Czech Republic"
Cross Creek Advisors,crosscreekadvisors.com,"Mobile, Media, Healthcare, Life Sci., Enterprise, Security, Big Data","Salt Lake City, Utah, United States"
Cross Culture Ventures,crossculturevc.com,"AI/ML, Healthcare, Enterprise, Media, Education, Social, Retail","Culver City, California, United States"
Crosslink Capital,www.crosslinkcapital.com,"E-Commerce, Big Data, Mobile, Enterprise, SaaS, Social, Consumer","San Francisco, California, United States"
CRV,www.crv.com,"E-Commerce, Enterprise, Mobile, Social, Consumer","Palo Alto, California, United States"
Daphni,daphni.com,"SaaS, Mobile, Consumer, Finance, Big Data, Food & Drink, AI/ML","Paris, Ile-de-France, France"
Darling Ventures,darlingventures.com,"Healthcare, Social, Enterprise, Big Data, Security, AI/ML, Mobile","San Francisco, California, United States"
Data Collective,dcvc.com,"Finance, Mobile, AI/ML, Enterprise, Healthcare, Big Data, SaaS","San Francisco, California, United States"
Dawn Capital,dawncapital.com,"Finance, Retail, SaaS, Enterprise, Big Data","London, England, United Kingdom"
DCM Ventures,www.dcm.com,"Social, Healthcare, Finance, Enterprise, E-Commerce, Mobile, Consumer","Menlo Park, California, United States"
Deep Space Ventures,deepspacevc.com,"AI/ML, Sports, Healthcare, Gaming, Enterprise, Big Data, SaaS","Dallas, Texas, United States"
Detroit Venture Partners,detroit.vc,"Education, E-Commerce, Big Data, Finance, Social, Media, Mobile","Detroit, Michigan, United States"
DHVC (Danhua Capital),danhuacap.com,"Enterprise, SaaS, AI/ML, Mobile, Big Data","Palo Alto, California, United States"
DN Capital,dncapital.com,"Mobile, Marketplace, E-Commerce, Enterprise, Finance, SaaS, Consumer","London, England, United Kingdom"
Draper Associates,www.draper.vc,"SaaS, Finance, Marketplace, Mobile, Enterprise","Menlo Park, California, United States"
Draper Esprit,draperesprit.com,"Big Data, Social, SaaS, Mobile, Healthcare, E-Commerce, Life Sci.","London, England, United Kingdom"
Draper Fisher Jurvetson,dfj.com,"Energy, Mobile, Social, Enterprise, E-Commerce, Healthcare, Big Data","Menlo Park, California, United States"
Draper Nexus Ventures,www.drapernexus.com,"Big Data, AI/ML, Security, Enterprise, Mobile, Healthcare, SaaS","San Mateo, California, United States"
DvH Ventures,dvhventures.de,,"Köln, Nordrhein-Westfalen, Germany"
e.ventures,www.eventures.vc,"SaaS, Social, Mobile, E-Commerce, Finance, Enterprise, Consumer","San Francisco, California, United States"
Earlybird Venture Capital,earlybird.com,"Enterprise, Healthcare, Mobile, Finance","Berlin, Berlin, Germany"
East Ventures,east.vc,"Marketplace, Finance, Mobile, Enterprise, E-Commerce, Consumer","Tokyo, Tokyo, Japan"
Eastside Partners,www.eastsidepartners.com,"Finance, Mobile, Life Sci., SaaS, Enterprise, Healthcare","Huntsville, Alabama, United States"
Eclipse,eclipse.vc,"Big Data, Healthcare, AI/ML, Mobile, Robotics","Palo Alto, California, United States"
Eight Roads Ventures,eightroads.com,"Mobile, Life Sci., SaaS, Big Data, Finance, Enterprise, Healthcare","London, England, United Kingdom"
Eileses Capital,eileses.com,"SaaS, Consumer, Food & Drink, Transportation, AI/ML, Security, Enterprise","San Francisco, California, United States"
Elevar Equity,www.elevarequity.com,Finance,"Seattle, Washington, United States"
Emergence Capital Partners,www.emcap.com,"Enterprise, Big Data, Social, Mobile, SaaS","San Mateo, California, United States"
EnBW New Ventures,www.env.vc,"Travel, Enterprise, Automotive, Big Data, Energy, Transportation, Mobile","Karlsruhe, Baden-Wurttemberg, Germany"
Eniac Ventures,www.eniac.vc,"Social, Enterprise, Mobile","New York, New York, United States"
Entree Capital,www.entreecap.com,"Big Data, E-Commerce, Security, Healthcare, Finance, AI/ML, SaaS","London, England, United Kingdom"
Epic Ventures,www.epicvc.com,"Security, Big Data, Energy, SaaS, Enterprise, Healthcare","Salt Lake City, Utah, United States"
Evolution Equity Partners,evolutionequity.com,"Big Data, AI/ML, Enterprise, Security","New York, New York, United States"
Fairhaven Capital Partners,fairhavencapital.com,"Security, Mobile, AI/ML, Enterprise, SaaS","Cambridge, Massachusetts, United States"
Felicis Ventures,www.felicis.com,"Enterprise, Mobile, E-Commerce, Social, Big Data, Healthcare, Consumer","Menlo Park, California, United States"
Felix Capital,www.felixcap.com,"Media, Marketplace, Travel, Mobile, E-Commerce, SaaS, Food & Drink","London, England, United Kingdom"
Fenox Venture Capital,www.fenoxvc.com,"Big Data, AI/ML, E-Commerce, Healthcare, Mobile, Consumer","San Jose, California, United States"
Fenway Summer Ventures,fenwaysummer.com,"SaaS, Healthcare, Finance, Enterprise","Bethesda, Maryland, United States"
ff Venture Capital,ffvc.com,"Mobile, SaaS, Social, Enterprise, Big Data","New York, New York, United States"
Fifth Wall,fifthwall.vc,"Big Data, Marketplace, Energy, SaaS, Real Estate, E-Commerce, Mobile","Venice, California, United States"
Finch Capital,finchcapital.com,"Automotive, Enterprise, E-Commerce, Mobile, Finance, SaaS, Big Data","Amsterdam, Noord-Holland, The Netherlands"
First Round Capital,firstround.com,"Social, Healthcare, Enterprise, Finance, Mobile, E-Commerce, Consumer","San Francisco, California, United States"
FirstMark Capital,firstmarkcap.com,"Media, Social, SaaS, Finance, Enterprise, Mobile, Big Data","New York, New York, United States"
Firstminute Capital,firstminute.capital,"Energy, Government, Mobile, Gaming, AI/ML, Big Data, Finance","London, England, United Kingdom"
FJ Labs,fjlabs.com,"Mobile, Finance, E-Commerce, Marketplace, Enterprise, Healthcare, Consumer","New York, New York, United States"
Flagship Pioneering,flagshippioneering.com,"Enterprise, Healthcare, Life Sci.","Cambridge, Massachusetts, United States"
Flint Capital,www.flintcap.com,"SaaS, Mobile, Enterprise, Big Data, E-Commerce, AI/ML, Finance","Palo Alto, California, United States"
Floodgate,floodgate.com,"Social, Mobile, SaaS, Enterprise, E-Commerce, Consumer","Palo Alto, California, United States"
Flybridge Capital Partners,www.flybridge.com,"SaaS, Social, Enterprise, Mobile, Healthcare, Finance","Boston, Massachusetts, United States"
Forerunner Ventures,forerunnerventures.com,"Mobile, Healthcare, E-Commerce, Retail, Enterprise, Consumer","San Francisco, California, United States"
Foresight Group,www.foresightgroup.eu,"Mobile, Media, Energy, Healthcare, Finance, Enterprise, Life Sci.","London, England, United Kingdom"
Foresite Capital,www.foresitecapital.com,"Healthcare, Life Sci.","San Francisco, California, United States"
Forgepoint Capital,forgepointcap.com,"Mobile, Enterprise, Security, Consumer","San Mateo, California, United States"
Formation 8,formation8.com,"SaaS, AI/ML, Mobile, Big Data, Enterprise","San Francisco, California, United States"
Forward Partners,forwardpartners.com,"Healthcare, Life Sci.","London, England, United Kingdom"
Foundation Capital,foundationcapital.com,"SaaS, Mobile, Big Data, Finance, Enterprise","Palo Alto, California, United States"
Founder Collective,www.foundercollective.com,"Marketplace, SaaS, E-Commerce, Mobile, Enterprise, Social, Big Data","Cambridge, Massachusetts, United States"
Founders Fund,foundersfund.com,"Life Sci., SaaS, Enterprise, Social, Mobile, Big Data, Finance","San Francisco, California, United States"
Foundry Group,foundrygroup.com,"Hardware, Mobile, Big Data, Social, SaaS, Enterprise","Boulder, Colorado, United States"
F-Prime Capital Partners,fprimecapital.com,"Big Data, Finance, Healthcare, Life Sci.","Cambridge, Massachusetts, United States"
FREES FUND,www.freesvc.com,"AI/ML, SaaS, Automotive, Social, Big Data, Finance, Enterprise","Beijing, Beijing, China"
Frontier Capital,frontiercapital.com,"Energy, Social, Enterprise, SaaS, Healthcare, Big Data","Charlotte, North Carolina, United States"
Frontline Ventures,www.frontline.vc,"E-Commerce, Finance, Enterprise, AI/ML, Big Data, Consumer","London, England, United Kingdom"
Fuel Capital,www.fuelcapital.com,"E-Commerce, Finance, SaaS, Big Data, Social, Mobile, Enterprise","San Francisco, California, United States"
Fuel Ventures,www.fuel.ventures,"Consumer, AI/ML, Enterprise, Social, Big Data, Finance, Mobile","London, England, United Kingdom"
Geekdom Fund,geekdomfund.com,"SaaS, Mobile, Big Data, Enterprise, AI/ML","San Antonio, Texas, United States"
General Catalyst,www.generalcatalyst.com,"SaaS, Enterprise, Social, Mobile, E-Commerce, Consumer","Cambridge, Massachusetts, United States"
Georgian Partners,georgianpartners.com,"Finance, E-Commerce, Security, Healthcare, Enterprise, Big Data, Mobile","Toronto, Ontario, Canada"
German Ventures,german-ventures.com,"Finance, Automotive, Marketplace, Food & Drink, Transportation, E-Commerce, Mobile","Munich, Bayern, Germany"
GGV Capital,www.ggvc.com,"Social, Enterprise, Healthcare, Mobile, E-Commerce, Consumer","Menlo Park, California, United States"
Gilde Healthcare,gildehealthcare.com,"Healthcare, Life Sci.","Utrecht, Utrecht, The Netherlands"
Gimv,www.gimv.com,"Hardware, Healthcare, Life Sci., Enterprise","Antwerpen, Antwerpen, Belgium"
Glasswing Ventures,www.glasswing.vc,"Energy, SaaS, Big Data, Mobile, Security, Consumer, Blockchain","Boston, Massachusetts, United States"
Global Brain Corporation,globalbrains.com,"SaaS, AI/ML, Enterprise, Social, Mobile, E-Commerce, Consumer","Tokyo, Tokyo, Japan"
GM&C Life Sciences Fund,www.gmclifesciencesfund.com,"Life Sci., Healthcare","Alderley Edge, Cheshire, United Kingdom"
Gobi Partners,www.gobivc.com,"Mobile, Transportation, Enterprise, Finance, Travel, Social, E-Commerce","Shanghai, Shanghai, China"
Golden Gate Ventures,goldengate.vc,"Finance, E-Commerce, SaaS, Mobile, Enterprise, Consumer","Singapore, Asia"
Golden Venture Partners,golden.ventures,"SaaS, Healthcare, Hardware, Social, Food & Drink, AI/ML, Big Data","Toronto, Ontario, Canada"
Good News Ventures,goodnewsventures.com,"Automotive, Space, E-Commerce, Retail, Enterprise, Mobile, Marketplace","Toronto, Ontario, Canada"
Grand Ventures,grandvcp.com,"Education, E-Commerce, Automotive, Mobile, Consumer, Transportation","Grand Rapids, Michigan, United States"
Graph Ventures,www.graphventures.com,"E-Commerce, Enterprise, Finance, Social, Mobile, Healthcare, Consumer","Palo Alto, California, United States"
GREE Ventures,www.greeventures.com,"SaaS, Social, Enterprise, E-Commerce, Mobile, Healthcare, Consumer","Tokyo, Tokyo, Japan"
GREE VR Capital,www.gfrfund.com,"Social, Mobile, Retail, Marketplace, E-Commerce, Consumer",
Greycroft,www.greycroft.com,"Big Data, Enterprise, E-Commerce, SaaS, Social, Media, Mobile","New York, New York, United States"
Greylock Partners,www.greylock.com,"Big Data, Security, Mobile, Enterprise, Social, SaaS","Menlo Park, California, United States"
GSR Ventures,www.gsrventures.cn,"Social, E-Commerce, Mobile, Consumer","Beijing, Beijing, China"
Hack VC,hack-vc.com,"SaaS, Social, Enterprise, E-Commerce, Mobile, Healthcare, Consumer",
Harmony Partners,www.harmonyvp.com,"Big Data, Mobile, Enterprise, SaaS, Security","New York, New York, United States"
Harrison Metal,www.harrisonmetal.com,"Mobile, E-Commerce, Enterprise, Big Data, Social, SaaS, Consumer","San Francisco, California, United States"
Haystack,haystack.vc,"Social, SaaS, Marketplace, Mobile, Enterprise, AI/ML","Menlo Park, California, United States"
Hi Inov,www.hiinov.com,"Travel, Transportation, E-Commerce, Energy, Finance, Marketplace, Big Data","Lyon, Rhone-Alpes, France"
Highland Capital Partners,www.hcp.com,"Life Sci., Enterprise, Mobile, Healthcare, E-Commerce, Consumer","Palo Alto, California, United States"
Highland Europe,www.highlandeurope.com,"Retail, Enterprise, AI/ML, Social, Big Data, Mobile, E-Commerce","Geneva, Geneve, Switzerland"
HOF Capital,hofvc.com,"Life Sci., Big Data, Finance, Healthcare, Education, Gaming","New York, New York, United States"
Homebrew,www.homebrew.co,"SaaS, Enterprise, Healthcare, Mobile, Marketplace, Big Data, Finance","San Francisco, California, United States"
HorizonX Ventures,http://www.boeing.com/company/key-orgs/horizon-x/ventures/saiesh-reddy-bio.page,"Robotics, Energy, Transportation, IoT, Big Data, AI/ML, AR/VR","Chicago, Illinois, United States"
HTGF,high-tech-gruenderfonds.de,"E-Commerce, Life Sci., Mobile, Enterprise, Healthcare, SaaS, Consumer","Bonn, Nordrhein-Westfalen, Germany"
Hummer Winblad,hwvp.com,"Mobile, Big Data, SaaS, Security, Social, Enterprise",
HV Holtzbrinck Ventures,www.hvventures.com,"Mobile, Finance, Enterprise, Social, E-Commerce, Consumer","Munich, Bayern, Germany"
Hyde Park Venture Partners,hydeparkvp.com,"Big Data, AI/ML, SaaS, Finance, Enterprise, Mobile","Chicago, Illinois, United States"
IA Ventures,https://twitter.com/iaventures/lists/ia-partners/members,"SaaS, Enterprise, AI/ML, Healthcare, Finance, Big Data, Social","New York, New York, United States"
Icon Ventures,www.iconventures.com,"SaaS, Big Data, Security, Social, Mobile, Enterprise","Palo Alto, California, United States"
Ignition Partners,www.ignitionpartners.com,"Social, AI/ML, Big Data, Security, SaaS, Mobile, Enterprise","Bellevue, Washington, United States"
Index Ventures,www.indexventures.com,"Enterprise, Finance, E-Commerce, Healthcare, SaaS, Mobile, Consumer","Geneva, Geneve, Switzerland"
India Quotient,www.indiaquotient.in,"Healthcare, Enterprise, Media, Finance, Retail, Social, E-Commerce","Mumbai, Maharashtra, India"
IndusAge Partners,www.indusage.com,"Energy, Security, Hardware, Legal, Media, Consumer, Government","Menlo Park, California, United States"
Initial Capital,www.initialcapital.com,"E-Commerce, Mobile, Media, Enterprise, Security, Consumer","London, England, United Kingdom"
Initialized Capital,initialized.com,"SaaS, AI/ML, Social, Gaming, Enterprise, Mobile, E-Commerce","San Francisco, California, United States"
Innova Memphis,www.innovamemphis.com,"Big Data, Life Sci., Healthcare, Mobile","Memphis, Tennessee, United States"
Innovation Endeavors,www.innovationendeavors.com,"SaaS, Social, E-Commerce, Mobile, Enterprise, Big Data, Healthcare","Palo Alto, California, United States"
iNovia Capital,www.inovia.vc,"AI/ML, Social, E-Commerce, SaaS, Enterprise, Big Data, Consumer","Montréal, Quebec, Canada"
Insignia Ventures Partners,www.insignia.vc,"Transportation, Finance, E-Commerce, Real Estate, Mobile, Consumer","Singapore, Central Region, Singapore"
Intellectual Ventures,www.intellectualventures.com,"Social, Clean Tech, Energy, Mobile, AR/VR, Education, AI/ML","Bellevue, Washington, United States"
Intudo Ventures,intudovc.com,"Automotive, Transportation","Indonesia, Asia"
Inventure Partners,inventurepartners.com,"SaaS, Retail, Finance, Mobile, Education, Transportation, E-Commerce","Moscow, Moscow City, Russian Federation"
Inventus Capital Partners,inventuscap.com,"Education, Mobile, Enterprise, Social, SaaS, E-Commerce, Consumer","San Mateo, California, United States"
Invest Nebraska,www.investnebraska.com,"Finance, E-Commerce, Marketplace, Healthcare, Sports, Mobile, Social","Lincoln, Nebraska, United States"
Jazz Venture Partners,www.jazzvp.com,"Enterprise, Gaming, Healthcare, AI/ML, Mobile, Consumer","San Francisco, California, United States"
Jerusalem Venture Partners (JVP),www.jvpvc.com,"Big Data, AI/ML, Gaming, SaaS, Enterprise, Mobile, Security","Jerusalem, Yerushalayim, Israel"
JetBlue Technology Ventures,www.jetblueventures.com,,"San Carlos, California, United States"
Jump Capital,jumpcap.com,"Social, Mobile, Healthcare, Enterprise, Big Data, E-Commerce, Finance","Chicago, Illinois, United States"
Jungle Ventures,www.jungle-ventures.com,"Enterprise, Marketplace, Big Data, Finance, Healthcare, Mobile, E-Commerce","Singapore, Central Region, Singapore"
K2VC,www.k2vc.com,"Mobile, Transportation, Finance, E-Commerce, Consumer","Chaoyang, Liaoning, China"
Kaedan Capital,kaedan.com,"Finance, Gaming, Media, Retail, Big Data, SaaS, E-Commerce","Tel Aviv, Tel Aviv, Israel"
Kairos,kairoshq.com,"Food & Drink, Real Estate, AI/ML, Media, Delivery, Mobile, Healthcare","New York, New York, United States"
Kalaari Capital,www.kalaari.com,"Finance, Social, Healthcare, E-Commerce, Media, Enterprise, Mobile","Bangalore, Karnataka, India"
Khosla Ventures,www.khoslaventures.com,"Energy, Mobile, Healthcare, Social, Enterprise, AI/ML, Big Data","Menlo Park, California, United States"
Kickstart Seed Fund,www.kickstartseedfund.com,"Social, Healthcare, Mobile, E-Commerce, Finance, Big Data, SaaS","Salt Lake City, Utah, United States"
Kinetic Ventures,www.kineticventures.com,"Enterprise, SaaS, Hardware, Energy, Mobile","Chevy Chase, Maryland, United States"
Kleiner Perkins Caufield & Byers,www.kpcb.com,"E-Commerce, Mobile, Healthcare, Enterprise, Life Sci., Social, Consumer","Menlo Park, California, United States"
Korelya Capital,www.korelyacapital.com,"Gaming, Energy, AI/ML, Finance, Blockchain, IoT, Big Data","Paris, Ile-de-France, France"
LAUNCHub Ventures,www.launchub.vc,"Marketplace, Media, Mobile, SaaS, Big Data, Social, Enterprise","Sofia, Grad Sofiya, Bulgaria"
Lewis & Clark Ventures,lewisandclarkventures.com,"Gaming, Big Data, E-Commerce, Healthcare, Life Sci., Consumer","St Louis, Missouri, United States"
Lifeline Ventures,www.lifelineventures.com,"Enterprise, SaaS, Gaming, Healthcare, Life Sci., AI/ML, E-Commerce","Helsinki, Southern Finland, Finland"
Lightspeed Venture Partners,lsvp.com,"Big Data, Social, Mobile, Enterprise, E-Commerce, Consumer","Menlo Park, California, United States"
LionBird,lionbird.com,"Mobile, Healthcare, SaaS, Finance, Enterprise","Tel Aviv, Tel Aviv, Israel"
Liquid2 Ventures,liquid2.vc,"Energy, AI/ML, Finance, Enterprise, SaaS, Healthcare","San Francisco, California, United States"
LiveOak Venture Partners,liveoakvp.com,"Mobile, Finance, Healthcare, Real Estate, Social, AI/ML, Security","Austin, Texas, United States"
LocalGlobe,localglobe.vc,"SaaS, Finance, Enterprise, Social, Mobile, E-Commerce, Consumer","London, England, United Kingdom"
Loudspring,loudspring.earth,,"Helsinki, Southern Finland, Finland"
Loup Ventures,loupventures.com,"Media, Gaming, AR/VR, Social, Big Data, Healthcare, Life Sci.","Minneapolis, Minnesota, United States"
Lowercase Capital,lowercasecapital.com,"SaaS, Mobile, Enterprise, Social, Media, Transportation, E-Commerce","Los Angeles, California, United States"
Lumia Capital,lumiacapital.com,"Big Data, Marketplace, Finance, E-Commerce, Mobile, SaaS, Social","San Francisco, California, United States"
Lux Capital,www.luxcapital.com,"AR/VR, Robotics, Big Data, Enterprise, Healthcare, Life Sci., AI/ML","New York, New York, United States"
Madrona Venture Group,www.madrona.com,"Social, Big Data, AI/ML, Enterprise, SaaS, E-Commerce, Mobile","Seattle, Washington, United States"
Magma Venture Partners,www.magmavc.com,"Media, SaaS, Security, AI/ML, Mobile, Enterprise","Tel Aviv, Tel Aviv, Israel"
Maniv Mobility,www.maniv.com,"Robotics, Transportation, SaaS, Automotive, AI/ML, Hardware, Enterprise","Tel Aviv, Tel Aviv, Israel"
Maryland Venture Fund,www.marylandventurefund.com,"Mobile, Enterprise, Security, Big Data, Life Sci., Healthcare","Columbia, Maryland, United States"
Matrix Partners,www.matrixpartners.com,"Big Data, SaaS, Social, E-Commerce, Enterprise, Mobile, Consumer","San Francisco, California, United States"
Matrix Partners China,www.matrixpartners.com.cn,"Gaming, Automotive, Media, Finance, Mobile, SaaS, E-Commerce","Beijing, Beijing, China"
Matrix Partners India,www.matrixpartners.in,"Education, Mobile, Finance, E-Commerce, Healthcare, Social, Consumer","Mumbai, Maharashtra, India"
Maveron,www.maveron.com,"Education, Retail, Mobile, Social, E-Commerce, Finance, Consumer","San Francisco, California, United States"
Mayfield Fund,www.mayfield.com,"Security, Big Data, E-Commerce, Social, Mobile, Healthcare, SaaS","Menlo Park, California, United States"
Menlo Ventures,www.menlovc.com,"AI/ML, Gaming, Real Estate, Finance, Enterprise, Delivery, Mobile","Menlo Park, California, United States"
Mercato Partners,mercatopartners.com,"Healthcare, Hardware, Enterprise, Energy, SaaS, Big Data","Salt Lake City, Utah, United States"
Merck Ventures,www.m-ventures.com,"Mobile, Life Sci., Healthcare","Yavne, HaMerkaz, Israel"
Merus Capital,www.meruscap.com,"Healthcare, Life Sci.","Palo Alto, California, United States"
Mighty Capital,mighty.capital,"Mobile, AI/ML, Enterprise, Energy, SaaS, Healthcare, Life Sci.","San Francisco, California, United States"
MindWorks Ventures,www.mindworks.vc,"E-Commerce, Travel, Blockchain, Enterprise, Finance, Mobile, Consumer","Grand Cayman, Midland, Cayman Islands"
MMC Ventures,www.mmcventures.com,"Enterprise, Finance, AI/ML, E-Commerce, Mobile, Healthcare, Consumer","London, England, United Kingdom"
Moderne Ventures,www.moderneventures.com,"Enterprise, Mobile, Real Estate, Finance, SaaS","Chicago, Illinois, United States"
Mohr Davidow Ventures,mdv.com,"SaaS, Mobile, Big Data, Healthcare, Finance, Enterprise, Life Sci.","San Mateo, California, United States"
Moment Ventures,www.momentventures.com,"Energy, Hardware, Robotics, Security, Enterprise, Mobile, AI/ML","Palo Alto, California, United States"
Monk’s Hill Ventures,www.monkshill.com,"AI/ML, Gaming, Real Estate, Finance, Enterprise, Delivery, Mobile","Singapore, Asia"
Moonshots Capital,www.moonshotscapital.com,"SaaS, Security, Healthcare, Energy, Social, Enterprise, Consumer","Los Angeles, California, United States"
Morningside Venture Capital,www.morningsidevc.com,"Finance, AI/ML, E-Commerce, Healthcare, Life Sci., Enterprise, Consumer","Xuhui, Shanghai, China"
Mosaic Ventures,www.mosaicventures.com,"AI/ML, Big Data, Blockchain, Enterprise, Marketplace, E-Commerce, Transportation","London, England, United Kingdom"
Mosley Ventures,www.mosleyventures.com,"E-Commerce, Big Data, IoT, SaaS, Security, Enterprise, Consumer","Atlanta, Georgia, United States"
Muse Capital,musecapital.vc,Transportation,"Los Angeles, California, United States"
Naspers,www.naspers.com,"Social, Finance, Big Data, Mobile, E-Commerce, Retail, Consumer","Cape Town, NA - South Africa, South Africa"
NCT Ventures,nctventures.com,"Energy, E-Commerce, Healthcare, SaaS, Big Data, Enterprise, Consumer","Columbus, Ohio, United States"
New Enterprise Associates,www.nea.com,"E-Commerce, Life Sci., Enterprise, Healthcare, Mobile, Big Data, SaaS","Menlo Park, California, United States"
New Markets Venture Partners,newmarketsvp.com,"Big Data, Energy, Government, SaaS, Finance, Education, Enterprise","Fulton, Maryland, United States"
Next Coast Ventures,www.nextcoastventures.com,"AI/ML, Big Data, Security, Social, SaaS, Healthcare, Mobile","Austin, Texas, United States"
NextGen Venture Partners,nextgenvp.com,"Healthcare, Mobile, SaaS, Social, E-Commerce, Enterprise, Consumer","Washington, District of Columbia, United States"
NextView Ventures,nextviewventures.com,"Big Data, Social, SaaS, Enterprise, E-Commerce, Mobile, Consumer","Boston, Massachusetts, United States"
Nexus Venture Partners,nexusvp.com,"Enterprise, Mobile, SaaS, E-Commerce, Social, Big Data, Healthcare","Menlo Park, California, United States"
NGP Capital,www.ngpcap.com,"Healthcare, Media, Mobile, Social, Enterprise","Palo Alto, California, United States"
Northern Light Venture Capital,www.nlvc.com,"E-Commerce, Healthcare, Mobile, Enterprise, Consumer","Beijing, Beijing, China"
Northstar Ventures,www.northstarventures.co.uk,"Big Data, E-Commerce, SaaS, Media, Mobile, Enterprise, Healthcare","Newcastle Upon Tyne, Newcastle upon Tyne, United Kingdom"
Northzone,northzone.com,"Media, E-Commerce, Enterprise, Mobile, Finance, Social, Consumer","Stockholm, Stockholms Lan, Sweden"
Norwest Venture Partners,www.nvp.com,"Social, Security, Big Data, E-Commerce, Mobile, Healthcare, SaaS","Palo Alto, California, United States"
Notation Capital,notation.vc,"Enterprise, Mobile, Blockchain","Brooklyn, New York, United States"
Novartis Venture Fund,www.nvfund.com,"Healthcare, Life Sci.","Basel, Basel-Stadt, Switzerland"
Oak HC/FT,oakhcft.com,"Consumer, AI/ML, Finance, Enterprise, Healthcare, Big Data, Life Sci.","Greenwich, Connecticut, United States"
Octopus Ventures,www.octopusventures.com,"Enterprise, Finance, E-Commerce, Energy, Mobile, Consumer","London, England, United Kingdom"
OMERS Ventures,www.omersventures.com,"E-Commerce, SaaS, Big Data, Enterprise, Mobile, Consumer","Toronto, Ontario, Canada"
Omnes Capital,www.omnescapital.com,"Enterprise, E-Commerce, Mobile, Healthcare, Life Sci., Consumer","Paris, Ile-de-France, France"
OpenOcean,openocean.vc,"E-Commerce, Mobile, AI/ML, SaaS, Big Data, Enterprise, Consumer","Helsinki, Southern Finland, Finland"
Openspace Ventures,www.openspace.vc,"Finance, Healthcare, Food & Drink, Transportation, SaaS, E-Commerce, Big Data","Singapore, Central Region, Singapore"
Oriza Ventures,www.orizaventures.com,"Social, IoT, Big Data, AI/ML, Mobile, Healthcare, Life Sci.","Santa Clara, California, United States"
OS Fund,osfund.co,"AI/ML, Healthcare, Life Sci., Mobile, Robotics",
OVO Fund,www.ovofund.com,,"Palo Alto, California, United States"
Oxeon Partners,www.oxeonpartners.com,"Finance, Enterprise, Mobile, Healthcare","New York, New York, United States"
Pantera Capital,www.panteracapital.com,"SaaS, Mobile, Energy, Finance, Blockchain, Enterprise","Menlo Park, California, United States"
Parkwalk Advisors Ltd,parkwalkadvisors.com,"Mobile, AI/ML, Healthcare, Energy, Life Sci.","London, England, United Kingdom"
Partech Ventures,partechpartners.com,"E-Commerce, Big Data, Mobile, Enterprise, Consumer","Paris, Ile-de-France, France"
Passion Capital,www.passioncapital.com,"Mobile, Big Data, SaaS, Social, AI/ML, Enterprise, Finance","London, England, United Kingdom"
Peak Ventures,peakventures.vc,"Social, Mobile, SaaS, Healthcare, Finance, Enterprise","Provo, Utah, United States"
Pear Ventures,www.pear.vc,"E-Commerce, AI/ML, Finance, SaaS, Healthcare, Enterprise, Big Data","Palo Alto, California, United States"
Pelion Venture Partners,pelionvp.com,"Mobile, Security, Big Data, SaaS, AI/ML, Healthcare, Enterprise","Salt Lake City, Utah, United States"
Pi Ventures,www.piventures.in,,"Bangalore, Karnataka, India"
Picus Capital,www.picuscap.com,"Big Data, Finance, SaaS, Mobile, Marketplace, Enterprise, Social",
Pillar,pillar.vc,,
Pitango Venture Capital,www.pitango.com,"Enterprise, Media, Big Data, Healthcare, Life Sci., Mobile","Herzliya, Tel Aviv, Israel"
Piton Capital,www.pitoncap.com,"SaaS, Energy, Automotive, Enterprise, Real Estate, Marketplace, Mobile","London, England, United Kingdom"
Playground Global,playground.global,"AI/ML, Hardware, Security, Robotics, Space, Mobile, Enterprise","Palo Alto, California, United States"
Plum Alley,plumalley.co,"SaaS, AI/ML, E-Commerce, Retail, Security, Energy, Consumer","New York, New York, United States"
Point Nine Capital,www.pointninecap.com,"Social, E-Commerce, Enterprise, Finance, Mobile, SaaS, Consumer","Berlin, Berlin, Germany"
Point72 Ventures,p72.vc,"Enterprise, Robotics, Real Estate, Automotive, Healthcare, Finance, Energy","New York, New York, United States"
Polaris Partners,www.polarispartners.com,"Mobile, Life Sci., Enterprise, Healthcare","Boston, Massachusetts, United States"
Polymath Ventures,polymathv.com,,"Bogotá, Distrito Especial, Colombia"
Portag3 Ventures,p3vc.com,"Mobile, Healthcare, SaaS, Finance, Enterprise","Canada, North America"
Praetura Capital,www.praeturaaf.com,"Delivery, Retail, AI/ML, Healthcare","Manchester, Manchester, United Kingdom"
Precursor Ventures,precursorvc.com,"Social, SaaS, AI/ML, Mobile, Marketplace, Healthcare, Consumer","San Francisco, California, United States"
"Prelude Ventures, LLC",www.preludeventures.com,"Energy, Big Data, Clean Tech, Finance, Food & Drink","San Francisco, California, United States"
Primary Venture Partners,www.primary.vc,"Mobile, E-Commerce, Retail, SaaS, Social, Finance, Enterprise","New York, New York, United States"
Pritzker Group Venture Capital,www.pritzkergroup.com,"SaaS, Healthcare, Social, Enterprise, E-Commerce, Mobile, Big Data","Chicago, Illinois, United States"
Project A,www.project-a.com,"Healthcare, Social, Enterprise, E-Commerce, SaaS, Consumer","Berlin, Berlin, Germany"
QED Investors,www.qedinvestors.com,"Mobile, Healthcare, Social, Finance, Big Data","Alexandria, Virginia, United States"
Qiming Venture Partners,www.qimingvc.com,"E-Commerce, Life Sci., Mobile, Healthcare, Consumer","Shanghai, Shanghai, China"
Quona Capital,quona.com,"SaaS, Healthcare, Mobile, Finance, Enterprise","Washington, District of Columbia, United States"
Real Ventures,realventures.com,"Enterprise, Social, AI/ML, Big Data, SaaS, Mobile","Montréal, Quebec, Canada"
Redpoint,www.redpoint.com,"Media, Mobile, Social, Enterprise, Security, E-Commerce, SaaS","Menlo Park, California, United States"
Refactor Capital,www.refactor.com,"Big Data, AI/ML, SaaS, Healthcare, Finance, Mobile, Life Sci.","Burlingame, California, United States"
Reinventure Group,reinventure.com.au,"Big Data, AI/ML, E-Commerce, Healthcare, Mobile, Real Estate, Finance","Sydney, New South Wales, Australia"
Relay Ventures,relayventures.com,"Media, SaaS, Enterprise, Social, Mobile","Menlo Park, California, United States"
Rembrandt Venture Partners,rembrandtvc.com,"Security, Big Data, Social, Mobile, Enterprise, SaaS","San Francisco, California, United States"
Responder Ventures,www.respondercorp.com,"Government, Mobile, E-Commerce, AI/ML, Consumer, Enterprise","Jupiter, Florida, United States"
Rethink Impact,rethink.vc,"Marketplace, Life Sci., AI/ML, Healthcare, Government, Consumer, Education","Washington, District of Columbia, United States"
Revel Partners,www.revelpartners.com,"AI/ML, Media, SaaS, Enterprise, Big Data, Legal, Marketplace","New York, New York, United States"
Revolution,www.revolution.com,"Marketplace, Finance, Big Data, Mobile, Social, Enterprise, E-Commerce","Washington, District of Columbia, United States"
Ribbit Capital,ribbitcap.com,"Mobile, Healthcare, Finance, Blockchain","Palo Alto, California, United States"
Ridge Ventures (Formerly known as IDG Ventures USA),ridge.vc,"Big Data, Gaming, Mobile, SaaS, E-Commerce, Enterprise, Media","San Francisco, California, United States"
Rising Tide,rtf.vc,"Big Data, Life Sci., SaaS, AI/ML, Mobile, Robotics, Enterprise","Menlo Park, California, United States"
RiverPark Ventures,riverparkvc.com,"Social, Healthcare, Mobile, E-Commerce, Food & Drink, SaaS, Enterprise","New York, New York, United States"
Romulus Capital,romuluscap.com,"Big Data, Retail, E-Commerce, Healthcare, Mobile, Consumer","Cambridge, Massachusetts, United States"
RPM Ventures,rpmvc.com,"Enterprise, Big Data, Hardware, Energy, Mobile, Healthcare, Life Sci.","Ann Arbor, Michigan, United States"
Runa Capital,www.runacap.com,"Social, Mobile, Healthcare, Finance, SaaS, Enterprise","Palo Alto, California, United States"
Ruvento,www.ruvento.com,"Healthcare, Hardware, Space, Robotics, Life Sci., AI/ML","Singapore, Asia"
Saama Capital,www.saamacapital.vc,"Mobile, Finance, E-Commerce, Food & Drink, Enterprise, Healthcare, Consumer","Bangalore, Karnataka, India"
Saban Ventures,www.sabanventures.com,"Life Sci., Energy, Automotive, Robotics, AI/ML","Los Angeles, California, United States"
Sands Capital Ventures,sandscapitalventures.com,"Big Data, E-Commerce, Consumer, Healthcare, Life Sci., Mobile, Finance","Arlington, Virginia, United States"
Sapphire Ventures,sapphireventures.com,"Security, Mobile, Finance, Big Data, SaaS, Enterprise","Palo Alto, California, United States"
Scale Venture Partners,www.scalevp.com,"Life Sci., Security, Big Data, Enterprise, SaaS, Mobile, Healthcare","Foster City, California, United States"
Science,www.science-inc.com,"E-Commerce, Retail, Enterprise, Gaming, Mobile, Consumer, Marketplace","Santa Monica, California, United States"
Section 32,www.section32.com,"Finance, Mobile, Life Sci., Healthcare","San Diego, California, United States"
Seed Capital,www.seedcapital.dk,"Social, E-Commerce, Life Sci., Healthcare, Enterprise, Mobile, Consumer","Lyngby, Hovedstaden, Denmark"
Seedcamp,seedcamp.com,"Social, Big Data, SaaS, E-Commerce, Enterprise, Finance, Mobile","London, England, United Kingdom"
SeedPlus,www.seedplus.com,"Enterprise, E-Commerce, Finance, SaaS, Mobile, Security, Consumer","Singapore, Central Region, Singapore"
Sequoia Capital,www.sequoiacap.com,"Big Data, Finance, Healthcare, Mobile, E-Commerce, Social, Enterprise","Menlo Park, California, United States"
Seraphim Capital,www.seraphimcapital.co.uk,"Space, IoT, Robotics","London, England, United Kingdom"
Serra Ventures,serraventures.com,"Healthcare, Mobile, Enterprise, SaaS, Big Data, Life Sci.","Champaign, Illinois, United States"
Service Provider Capital,serviceprovidercapital.com,"Marketplace, Enterprise, Mobile, Big Data, SaaS, Healthcare, AI/ML","Golden, Colorado, United States"
Seven Peaks Ventures,sevenpeaksventures.com,"Social, SaaS, Mobile, Enterprise, Healthcare, Finance, Real Estate","Bend, Oregon, United States"
Seventure Partners,www.seventure.fr,"Enterprise, E-Commerce, Life Sci., Mobile, Healthcare, Consumer","Paris, Ile-de-France, France"
Shasta Ventures,shastaventures.com,"Mobile, Enterprise, SaaS, Social, E-Commerce, Consumer","Menlo Park, California, United States"
Sherpa Capital,sherpa.com,"Healthcare, E-Commerce, Mobile, Enterprise, Social, Marketplace, Finance","San Francisco, California, United States"
Sierra Ventures,www.sierraventures.com,"E-Commerce, Big Data, Security, Mobile, SaaS, Enterprise, Social","San Mateo, California, United States"
Signia Venture Partners,signiaventurepartners.com,"E-Commerce, Media, Social, Enterprise, Gaming, Mobile, Consumer","Menlo Park, California, United States"
Sinai Ventures,sinaivc.com,"Social, Finance, Marketplace, Big Data, Enterprise, SaaS, Mobile","Palo Alto, California, United States"
Sistema Asia Fund,sistemaasiacapital.com,"Healthcare, Enterprise, Life Sci., Finance, Security, Mobile, E-Commerce","Singapore, Central Region, Singapore"
SixThirty CYBER,sixthirtycyber.com,"AI/ML, Mobile, Big Data, Blockchain, Energy, Enterprise, Finance","St Louis, Missouri, United States"
Social Capital,www.socialcapital.com,"SaaS, Finance, Healthcare, Social, Mobile, Enterprise","Palo Alto, California, United States"
Social Leverage,www.socialleverage.com,"Big Data, Finance, Social, Mobile, Enterprise, SaaS","Phoenix, Arizona, United States"
Spark Capital,sparkcapital.com,"Finance, Social, E-Commerce, Enterprise, SaaS, Healthcare, Mobile","Boston, Massachusetts, United States"
Sparkland Capital,sparklandcap.com,"Mobile, IoT, SaaS, Security, E-Commerce, AR/VR, AI/ML","San Jose, California, United States"
Speedinvest,speedinvest.com,"AI/ML, E-Commerce, Big Data, Finance, Enterprise, Mobile, Social","Vienna, Wien, Austria"
Spider Capital,www.spidercp.com,"SaaS, Enterprise, Consumer, AI/ML, Big Data","San Francisco, California, United States"
Spiral Ventures Pte Ltd.,spiral-ventures.com,"Healthcare, Big Data, SaaS, Mobile, E-Commerce, Enterprise, Consumer","Singapore, Central Region, Singapore"
Spire Ventures,www.spireventures.co.uk,"AI/ML, Government, Education, Enterprise","London, England, United Kingdom"
State of Mind Ventures,www.somv.com,"Big Data, Space, Life Sci., E-Commerce, Enterprise, AI/ML, Security","Herzliya, Tel Aviv, Israel"
Stellaris Venture Partners,www.stellarisvp.com,"Marketplace, Consumer, Enterprise, E-Commerce, Healthcare","Bangalore, Karnataka, India"
Storm Ventures,www.stormventures.com,"Security, Social, Mobile, SaaS, Big Data, Enterprise","Menlo Park, California, United States"
Super Ventures,www.superventures.com,"Gaming, Automotive, Enterprise, Big Data, Transportation, Travel, AR/VR","San Francisco, California, United States"
Sutter Hill Ventures,https://twitter.com/shv/lists/partners/members,"SaaS, Security, Healthcare, Life Sci., Big Data, Mobile, Enterprise","Palo Alto, California, United States"
SV Angel,svangel.com,"E-Commerce, SaaS, Enterprise, Big Data, Social, Mobile, Consumer","San Francisco, California, United States"
SV Health Investors,svhealthinvestors.com,"Healthcare, Life Sci.","Boston, Massachusetts, United States"
SWaN & Legend Venture Partners,www.swanandlegend.com,"Social, E-Commerce, Sports, Education, Enterprise, Consumer","Leesburg, Virginia, United States"
Tandem Capital,www.tandemcap.com,"IoT, Big Data, Social, Enterprise, Mobile","Burlingame, California, United States"
Target Global,www.targetglobal.vc,"Travel, Mobile, E-Commerce, Enterprise, Finance, SaaS, Marketplace","Berlin, Berlin, Germany"
Target Partners,www.targetpartners.de,"Hardware, SaaS, Big Data, Mobile, Enterprise","Munich, Bayern, Germany"
TCV,www.tcv.com,"Mobile, E-Commerce, SaaS, Enterprise, Finance, Consumer","Palo Alto, California, United States"
TenOneTen Ventures,tenoneten.net,,"Los Angeles, California, United States"
The Impact Engine,theimpactengine.com,"Energy, Enterprise, Big Data, Healthcare, SaaS, Education, Mobile","Chicago, Illinois, United States"
The Rise Fund,therisefund.com,"Energy, Healthcare, Education, Big Data, Government, Mobile, Finance",
The Venture Reality Fund,www.thevrfund.com,"Media, Social","Palo Alto, California, United States"
TLV Partners,www.tlv.partners,"Big Data, Mobile, Healthcare, Consumer, AI/ML, Security, Enterprise","Tel Aviv, Tel Aviv, Israel"
Toba Capital,tobacapital.com,"AI/ML, Finance, Big Data, SaaS, Enterprise, Security, Mobile","San Francisco, California, United States"
Transmedia Capital,transmediacapital.com,"Consumer, Big Data, Enterprise, Mobile, Social",
Tribeca Venture Partners,tribecavp.com,"Mobile, Big Data, SaaS, Finance, Enterprise, E-Commerce, Media","New York, New York, United States"
Trinity Ventures,www.trinityventures.com,"Enterprise, Big Data, E-Commerce, Mobile, SaaS, Consumer","Menlo Park, California, United States"
Troy Capital Partners,troycapitalpartners.com,"Big Data, Mobile, Enterprise, Media, Transportation, Social, E-Commerce","Los Angeles, California, United States"
True Ventures,trueventures.com,"SaaS, Enterprise, Big Data, Mobile, Social","Palo Alto, California, United States"
TTV Capital,www.ttvcapital.com,"Social, Finance, Security, Big Data, SaaS, Mobile, Media","Atlanta, Georgia, United States"
Two Sigma Ventures,twosigmaventures.com,"Enterprise, Robotics, Big Data, Mobile, AI/ML, Healthcare","New York, New York, United States"
Ulu Ventures,www.uluventures.com,"Government, Education, Marketplace, SaaS, Big Data, Mobile, Enterprise","Palo Alto, California, United States"
Uncork Capital,uncorkcapital.com,"SaaS, Healthcare, Big Data, Social, Enterprise, E-Commerce, Mobile","Palo Alto, California, United States"
Unicorn India Ventures,www.unicornivc.com,"E-Commerce, Consumer, Finance, AI/ML, Mobile, Big Data, Life Sci.","Mumbai, Maharashtra, India"
Unilever Ventures,www.unileverventures.com,"Mobile, Life Sci., Healthcare, Food & Drink, Enterprise, E-Commerce, Consumer","London, England, United Kingdom"
Union Square Ventures,www.usv.com,"Healthcare, E-Commerce, Mobile, Enterprise, Finance, Social, Consumer","New York, New York, United States"
Unitus Seed Fund,unitus.vc,"Travel, Transportation, Education, Healthcare","Seattle, Washington, United States"
UP2398,www.up2398.com,"Blockchain, Enterprise, Education, Security, , Consumer, ","Redwood City, California, United States"
Updata Partners,updata.com,"Finance, Mobile, Social, SaaS, Big Data, Enterprise, Security","Washington, District of Columbia, United States"
Upfront Ventures,upfront.com,"E-Commerce, Social, Big Data, Enterprise, Mobile, Finance, Consumer","Santa Monica, California, United States"
UpHonest Capital,www.uphonestcapital.com,"Healthcare, Enterprise, SaaS, Big Data, E-Commerce, Mobile, Marketplace","San Francisco, California, United States"
USVP,www.usvp.com,"Social, Security, Life Sci., Big Data, Mobile, Enterprise, Healthcare",
Valar Ventures,www.valarventures.com,"Media, Healthcare, AI/ML, SaaS, Finance, Enterprise","New York, New York, United States"
Vela Partners,vela.partners,"SaaS, Enterprise","San Francisco, California, United States"
Venrock,www.venrock.com,"Social, Enterprise, Mobile, Healthcare, Life Sci.","Palo Alto, California, United States"
Ventech,www.ventechvc.com,"Enterprise, E-Commerce, Healthcare, Life Sci., Social, Media, Mobile","Paris, Ile-de-France, France"
VenturEast,www.ventureast.net,"Finance, Education, Healthcare, Mobile, Big Data","Chennai, Tamil Nadu, India"
Versant Ventures,www.versantventures.com,"Life Sci., Healthcare","Menlo Park, California, United States"
Vertex Ventures,vertexventures.cn,"Mobile, E-Commerce, Security, Healthcare, SaaS, Enterprise, Consumer","Singapore, Central Region, Singapore"
Vestigo Ventures,www.vestigoventures.com,"Energy, Enterprise, SaaS, Finance","Cambridge, Massachusetts, United States"
Vickers Venture Partners,www.vickersventure.com,"Education, Government, E-Commerce, Energy, Social, Finance, Mobile","Singapore, Central Region, Singapore"
Village Capital,vilcap.com,"Social, SaaS, Big Data, Mobile, Education, Finance, Healthcare","Washington, District of Columbia, United States"
Viola Ventures,www.viola-group.com,"Security, Enterprise, Big Data, Finance, SaaS, Mobile","Herzliya, Tel Aviv, Israel"
Volta Ventures,www.volta.ventures,"Finance, Big Data, Enterprise, Energy, Mobile, SaaS, E-Commerce","Gent, Oost-Vlaanderen, Belgium"
Vulcan Capital,capital.vulcan.com,"Mobile, Life Sci., Social, SaaS, Enterprise, Big Data","Seattle, Washington, United States"
Walden International,www.waldenintl.com,"Mobile, Enterprise, Finance, Hardware, Security","San Francisco, California, United States"
Wamda Capital,www.wamdacapital.com,"Retail, Mobile, Marketplace, Social, E-Commerce, Consumer","Dubai, Dubai, United Arab Emirates"
Wavemaker Partners,wavemaker.vc,"Enterprise, Mobile, SaaS, E-Commerce, Social, Consumer","Santa Monica, California, United States"
White Star Capital,whitestarvc.com,"Big Data, Social, Finance, E-Commerce, Mobile, Enterprise, AI/ML","London, England, United Kingdom"
WI Harper Group,wiharper.com,"Social, Media, Life Sci., Healthcare, Mobile, Enterprise, Education","San Francisco, California, United States"
Wing Venture Capital,wing.vc,"AI/ML, Security, Enterprise, SaaS, Mobile, Big Data","Menlo Park, California, United States"
WndrCo LLC,www.wndrco.com,"Security, Robotics, Food & Drink, Social, Media, Mobile, AI/ML","Beverly Hills, California, United States"
WorldQuant Ventures LLC,worldquantventures.com,"SaaS, Social, Energy, Mobile, Enterprise, Finance, Big Data","Old Greenwich, Connecticut, United States"
Xfund,xfund.com,"Automotive, Finance, Transportation","Palo Alto, California, United States"
XSeed Capital,xseedcap.com,"Finance, AI/ML, SaaS, Healthcare, Social, Big Data, Enterprise","Portola Valley, California, United States"
Zetta Venture Partners,zettavp.com,"Mobile, Big Data, Enterprise, SaaS, AI/ML","San Francisco, California, United States"
ZhenFund,www.zhenfund.com,"Enterprise, E-Commerce, AI/ML, Mobile, Big Data, Education, Consumer","Beijing, Beijing, China"