GEO.id,GEO.id2,GEO.display-label,GC.target-geo-id,GC.target-geo-id2,GC.display-label,GC.display-label,popchg4201072017,natinc4201072017,births4201072017,deaths4201072017,netmig4201072017,intlmig4201072017,dommig4201072017,popchg20162017,natinc20162017,births20162017,deaths20162017,netmig20162017,intlmig20162017,dommig20162017
Id,Id2,Geography,Target Geo Id,Target Geo Id2,Geography,Geography,"Cumulative Estimates of the Components of Population Change - April 1, 2010 to July 1, 2017 - Total Population Change [1]","Cumulative Estimates of the Components of Population Change - April 1, 2010 to July 1, 2017 - Natural Increase","Cumulative Estimates of the Components of Population Change - April 1, 2010 to July 1, 2017 - Vital Events - Births","Cumulative Estimates of the Components of Population Change - April 1, 2010 to July 1, 2017 - Vital Events - Deaths","Cumulative Estimates of the Components of Population Change - April 1, 2010 to July 1, 2017 - Net Migration - Total","Cumulative Estimates of the Components of Population Change - April 1, 2010 to July 1, 2017 - Net Migration - International [2]","Cumulative Estimates of the Components of Population Change - April 1, 2010 to July 1, 2017 - Net Migration - Domestic","Annual Estimates of the Components of Population Change - July 1, 2016 to July 1, 2017 - Total Population Change [1]","Annual Estimates of the Components of Population Change - July 1, 2016 to July 1, 2017 - Natural Increase","Annual Estimates of the Components of Population Change - July 1, 2016 to July 1, 2017 - Vital Events - Births","Annual Estimates of the Components of Population Change - July 1, 2016 to July 1, 2017 - Vital Events - Deaths","Annual Estimates of the Components of Population Change - July 1, 2016 to July 1, 2017 - Net Migration - Total","Annual Estimates of the Components of Population Change - July 1, 2016 to July 1, 2017 - Net Migration - International [2]","Annual Estimates of the Components of Population Change - July 1, 2016 to July 1, 2017 - Net Migration - Domestic"
0100000US,,United States,0100000US,,United States,United States,16961073,9727447,28703158,18975711,7233626,7233626,(X),2313243,1201960,3946000,2744040,1111283,1111283,(X)
0100000US,,United States,01000C0US,,United States - In metropolitan statistical area,In metropolitan statistical area,17172363,9421531,24808766,15387235,7752833,6976716,776117,2279287,1167499,3418102,2250603,1111319,1070211,41108
0100000US,,United States,310M300US10180,10180,"United States - Abilene, TX Metro Area","Abilene, TX Metro Area",4971,5210,17157,11947,-191,2520,-2711,486,658,2375,1717,-167,279,-446
0100000US,,United States,310M300US10420,10420,"United States - Akron, OH Metro Area","Akron, OH Metro Area",302,3696,54644,50948,-3014,10413,-13427,949,204,7342,7138,770,1647,-877
0100000US,,United States,310M300US10500,10500,"United States - Albany, GA Metro Area","Albany, GA Metro Area",-6066,4796,15175,10379,-10964,860,-11824,-1006,389,1881,1492,-1396,136,-1532
0100000US,,United States,310M300US10540,10540,"United States - Albany, OR Metro Area","Albany, OR Metro Area",8375,1912,10685,8773,6504,-31,6535,2347,254,1555,1301,2087,-3,2090
0100000US,,United States,310M300US10580,10580,"United States - Albany-Schenectady-Troy, NY Metro Area","Albany-Schenectady-Troy, NY Metro Area",15468,9693,65757,56064,6220,18287,-12067,3387,868,8848,7980,2535,2650,-115
0100000US,,United States,310M300US10740,10740,"United States - Albuquerque, NM Metro Area","Albuquerque, NM Metro Area",23665,25754,76949,51195,-1692,7722,-9414,3849,2527,10175,7648,1362,1194,168
0100000US,,United States,310M300US10780,10780,"United States - Alexandria, LA Metro Area","Alexandria, LA Metro Area",62,3261,14915,11654,-3122,1028,-4150,-410,389,2000,1611,-798,164,-962
0100000US,,United States,310M300US10900,10900,"United States - Allentown-Bethlehem-Easton, PA-NJ Metro Area","Allentown-Bethlehem-Easton, PA-NJ Metro Area",19278,4596,62437,57841,15221,20932,-5711,5317,572,8521,7949,4789,3369,1420
0100000US,,United States,310M300US11020,11020,"United States - Altoona, PA Metro Area","Altoona, PA Metro Area",-3619,-1844,9758,11602,-1671,161,-1832,-470,-364,1285,1649,-99,24,-123
0100000US,,United States,310M300US11100,11100,"United States - Amarillo, TX Metro Area","Amarillo, TX Metro Area",12992,10711,27432,16721,2179,5559,-3380,1889,1347,3662,2315,542,892,-350
0100000US,,United States,310M300US11180,11180,"United States - Ames, IA Metro Area","Ames, IA Metro Area",7960,3169,6739,3570,4770,5702,-932,686,376,890,514,306,910,-604
0100000US,,United States,310M300US11260,11260,"United States - Anchorage, AK Metro Area","Anchorage, AK Metro Area",20067,28217,43973,15756,-8464,7988,-16452,-611,3685,6047,2362,-4321,855,-5176
0100000US,,United States,310M300US11460,11460,"United States - Ann Arbor, MI Metro Area","Ann Arbor, MI Metro Area",22561,11270,27004,15734,11512,14893,-3381,2875,1320,3669,2349,1564,2265,-701
0100000US,,United States,310M300US11500,11500,"United States - Anniston-Oxford-Jacksonville, AL Metro Area","Anniston-Oxford-Jacksonville, AL Metro Area",-3858,-374,9755,10129,-3450,405,-3855,-252,-85,1342,1427,-165,82,-247
0100000US,,United States,310M300US11540,11540,"United States - Appleton, WI Metro Area","Appleton, WI Metro Area",10460,8785,20633,11848,1820,1618,202,1824,1152,2814,1662,686,260,426
0100000US,,United States,310M300US11700,11700,"United States - Asheville, NC Metro Area","Asheville, NC Metro Area",31289,-2358,32212,34570,33350,1252,32098,5231,-447,4544,4991,5659,252,5407
0100000US,,United States,310M300US12020,12020,"United States - Athens-Clarke County, GA Metro Area","Athens-Clarke County, GA Metro Area",16707,6368,16106,9738,10191,3418,6773,3850,816,2219,1403,3024,533,2491
0100000US,,United States,310M300US12060,12060,"United States - Atlanta-Sandy Springs-Roswell, GA Metro Area","Atlanta-Sandy Springs-Roswell, GA Metro Area",597993,278251,529351,251100,318976,130807,188169,89013,35270,73810,38540,53739,20451,33288
0100000US,,United States,310M300US12100,12100,"United States - Atlantic City-Hammonton, NJ Metro Area","Atlantic City-Hammonton, NJ Metro Area",-4622,3825,22801,18976,-8550,10995,-19545,-912,104,2862,2758,-1021,1609,-2630
0100000US,,United States,310M300US12220,12220,"United States - Auburn-Opelika, AL Metro Area","Auburn-Opelika, AL Metro Area",21308,5941,13181,7240,15188,3920,11268,2621,899,1947,1048,1716,550,1166
0100000US,,United States,310M300US12260,12260,"United States - Augusta-Richmond County, GA-SC Metro Area","Augusta-Richmond County, GA-SC Metro Area",35278,16283,54179,37896,18854,5224,13630,5262,2021,7610,5589,3256,515,2741
0100000US,,United States,310M300US12420,12420,"United States - Austin-Round Rock, TX Metro Area","Austin-Round Rock, TX Metro Area",399507,121257,188961,67704,273662,49311,224351,55269,16791,27400,10609,38305,8185,30120
0100000US,,United States,310M300US12540,12540,"United States - Bakersfield, CA Metro Area","Bakersfield, CA Metro Area",53498,61007,102106,41099,-7314,12704,-20018,8033,7593,13643,6050,450,2072,-1622
0100000US,,United States,310M300US12580,12580,"United States - Baltimore-Columbia-Towson, MD Metro Area","Baltimore-Columbia-Towson, MD Metro Area",97572,72700,244958,172258,26527,64137,-37610,7147,8093,33546,25453,-870,9050,-9920
0100000US,,United States,310M300US12620,12620,"United States - Bangor, ME Metro Area","Bangor, ME Metro Area",-1963,-621,10484,11105,-1255,673,-1928,442,-188,1379,1567,638,86,552
0100000US,,United States,310M300US12700,12700,"United States - Barnstable Town, MA Metro Area","Barnstable Town, MA Metro Area",-2424,-9345,11326,20671,7104,2173,4931,4,-1313,1519,2832,1330,307,1023
0100000US,,United States,310M300US12940,12940,"United States - Baton Rouge, LA Metro Area","Baton Rouge, LA Metro Area",31659,32005,80449,48444,-397,8903,-9300,-1437,4082,11159,7077,-5540,1443,-6983
0100000US,,United States,310M300US12980,12980,"United States - Battle Creek, MI Metro Area","Battle Creek, MI Metro Area",-2020,1386,11991,10605,-3406,1913,-5319,-50,223,1620,1397,-272,318,-590
0100000US,,United States,310M300US13020,13020,"United States - Bay City, MI Metro Area","Bay City, MI Metro Area",-3532,-840,7706,8546,-2644,190,-2834,-242,-143,1019,1162,-94,20,-114
0100000US,,United States,310M300US13140,13140,"United States - Beaumont-Port Arthur, TX Metro Area","Beaumont-Port Arthur, TX Metro Area",9243,10446,40128,29682,-1100,4610,-5710,1528,1415,5680,4265,113,790,-677
0100000US,,United States,310M300US13220,13220,"United States - Beckley, WV Metro Area","Beckley, WV Metro Area",-6370,-1826,10337,12163,-4503,418,-4921,-1818,-482,1254,1736,-1338,61,-1399
0100000US,,United States,310M300US13380,13380,"United States - Bellingham, WA Metro Area","Bellingham, WA Metro Area",20259,5504,16704,11200,14793,2671,12122,5130,737,2373,1636,4371,421,3950
0100000US,,United States,310M300US13460,13460,"United States - Bend-Redmond, OR Metro Area","Bend-Redmond, OR Metro Area",29142,2803,12707,9904,26052,-98,26150,6200,391,1869,1478,5772,19,5753
0100000US,,United States,310M300US13740,13740,"United States - Billings, MT Metro Area","Billings, MT Metro Area",11564,4076,15122,11046,7498,24,7474,1537,507,2083,1576,1039,5,1034
0100000US,,United States,310M300US13780,13780,"United States - Binghamton, NY Metro Area","Binghamton, NY Metro Area",-9520,-114,18295,18409,-9470,3836,-13306,-1391,-173,2386,2559,-1221,568,-1789
0100000US,,United States,310M300US13820,13820,"United States - Birmingham-Hoover, AL Metro Area","Birmingham-Hoover, AL Metro Area",21751,21335,105214,83879,986,7325,-6339,2919,2156,14188,12032,807,1103,-296
0100000US,,United States,310M300US13900,13900,"United States - Bismarck, ND Metro Area","Bismarck, ND Metro Area",17364,5900,13304,7404,11244,343,10901,745,873,1964,1091,-124,85,-209
0100000US,,United States,310M300US13980,13980,"United States - Blacksburg-Christiansburg-Radford, VA Metro Area","Blacksburg-Christiansburg-Radford, VA Metro Area",4740,1155,11997,10842,3611,4932,-1321,358,124,1597,1473,226,724,-498
0100000US,,United States,310M300US14010,14010,"United States - Bloomington, IL Metro Area","Bloomington, IL Metro Area",2099,6981,16625,9644,-4932,4250,-9182,-615,880,2272,1392,-1506,644,-2150
0100000US,,United States,310M300US14020,14020,"United States - Bloomington, IN Metro Area","Bloomington, IN Metro Area",8284,3136,11203,8067,5177,6596,-1419,1211,457,1588,1131,757,994,-237
0100000US,,United States,310M300US14100,14100,"United States - Bloomsburg-Berwick, PA Metro Area","Bloomsburg-Berwick, PA Metro Area",-1359,-632,5924,6556,-669,554,-1223,-178,-144,777,921,-30,76,-106
0100000US,,United States,310M300US14260,14260,"United States - Boise City, ID Metro Area","Boise City, ID Metro Area",93277,30848,62574,31726,62059,5735,56324,19035,4095,8774,4679,14880,947,13933
0100000US,,United States,310M300US14460,14460,"United States - Boston-Cambridge-Newton, MA-NH Metro Area","Boston-Cambridge-Newton, MA-NH Metro Area",283935,116075,374563,258488,171015,226725,-55710,30589,13786,51406,37620,16890,35142,-18252
0100000US,,United States,310M300US14500,14500,"United States - Boulder, CO Metro Area","Boulder, CO Metro Area",27942,8936,21163,12227,18871,5562,13309,1341,987,2840,1853,359,863,-504
0100000US,,United States,310M300US14540,14540,"United States - Bowling Green, KY Metro Area","Bowling Green, KY Metro Area",16236,4834,15126,10292,11386,4232,7154,2996,715,2172,1457,2279,698,1581
0100000US,,United States,310M300US14740,14740,"United States - Bremerton-Silverdale, WA Metro Area","Bremerton-Silverdale, WA Metro Area",15277,6578,21880,15302,8614,2143,6471,3305,830,3127,2297,2471,153,2318
0100000US,,United States,310M300US14860,14860,"United States - Bridgeport-Stamford-Norwalk, CT Metro Area","Bridgeport-Stamford-Norwalk, CT Metro Area",33075,25684,73454,47770,7582,41711,-34129,730,3147,9921,6774,-2472,6218,-8690
0100000US,,United States,310M300US15180,15180,"United States - Brownsville-Harlingen, TX Metro Area","Brownsville-Harlingen, TX Metro Area",17506,34686,53118,18432,-17233,5303,-22536,1959,4308,7047,2739,-2356,1047,-3403
0100000US,,United States,310M300US15260,15260,"United States - Brunswick, GA Metro Area","Brunswick, GA Metro Area",5751,1405,9546,8141,4354,969,3385,1164,75,1283,1208,1089,163,926
0100000US,,United States,310M300US15380,15380,"United States - Buffalo-Cheektowaga-Niagara Falls, NY Metro Area","Buffalo-Cheektowaga-Niagara Falls, NY Metro Area",1239,964,88239,87275,972,26037,-25065,1942,223,12182,11959,1757,3972,-2215
0100000US,,United States,310M300US15500,15500,"United States - Burlington, NC Metro Area","Burlington, NC Metro Area",11193,1527,12916,11389,9709,1099,8610,3066,219,1823,1604,2841,188,2653
0100000US,,United States,310M300US15540,15540,"United States - Burlington-South Burlington, VT Metro Area","Burlington-South Burlington, VT Metro Area",7133,5181,16052,10871,2124,4281,-2157,966,664,2174,1510,303,732,-429
0100000US,,United States,310M300US15680,15680,"United States - California-Lexington Park, MD Metro Area","California-Lexington Park, MD Metro Area",7519,4865,10397,5532,2666,1385,1281,832,598,1441,843,239,143,96
0100000US,,United States,310M300US15940,15940,"United States - Canton-Massillon, OH Metro Area","Canton-Massillon, OH Metro Area",-4501,477,32199,31722,-4679,1118,-5797,-1238,68,4434,4366,-1295,174,-1469
0100000US,,United States,310M300US15980,15980,"United States - Cape Coral-Fort Myers, FL Metro Area","Cape Coral-Fort Myers, FL Metro Area",120470,-149,47191,47340,119306,20169,99137,16718,-525,6892,7417,17174,3174,14000
0100000US,,United States,310M300US16020,16020,"United States - Cape Girardeau, MO-IL Metro Area","Cape Girardeau, MO-IL Metro Area",507,1172,8275,7103,-653,813,-1466,-303,106,1084,978,-412,109,-521
0100000US,,United States,310M300US16060,16060,"United States - Carbondale-Marion, IL Metro Area","Carbondale-Marion, IL Metro Area",-968,2030,10828,8798,-3050,2080,-5130,-1060,292,1524,1232,-1360,317,-1677
0100000US,,United States,310M300US16180,16180,"United States - Carson City, NV Metro Area","Carson City, NV Metro Area",-529,-797,4133,4930,247,-1,248,462,-85,572,657,545,19,526
0100000US,,United States,310M300US16220,16220,"United States - Casper, WY Metro Area","Casper, WY Metro Area",4097,2987,8110,5123,1013,195,818,-1345,373,1094,721,-1727,34,-1761
0100000US,,United States,310M300US16300,16300,"United States - Cedar Rapids, IA Metro Area","Cedar Rapids, IA Metro Area",12352,8429,23743,15314,4099,2501,1598,2368,1165,3332,2167,1215,396,819
0100000US,,United States,310M300US16540,16540,"United States - Chambersburg-Waynesboro, PA Metro Area","Chambersburg-Waynesboro, PA Metro Area",4616,2581,13207,10626,2191,1426,765,670,223,1810,1587,456,234,222
0100000US,,United States,310M300US16580,16580,"United States - Champaign-Urbana, IL Metro Area","Champaign-Urbana, IL Metro Area",7235,7819,19582,11763,-683,13151,-13834,-11,970,2673,1703,-1004,1973,-2977
0100000US,,United States,310M300US16620,16620,"United States - Charleston, WV Metro Area","Charleston, WV Metro Area",-12655,-2778,18078,20856,-9772,604,-10376,-3329,-555,2318,2873,-2780,110,-2890
0100000US,,United States,310M300US16700,16700,"United States - Charleston-North Charleston, SC Metro Area","Charleston-North Charleston, SC Metro Area",111187,28828,67679,38851,81055,6518,74537,13927,3595,9675,6080,10290,702,9588
0100000US,,United States,310M300US16740,16740,"United States - Charlotte-Concord-Gastonia, NC-SC Metro Area","Charlotte-Concord-Gastonia, NC-SC Metro Area",308313,90002,217525,127523,216864,39380,177484,49786,12306,31315,19009,37381,6279,31102
0100000US,,United States,310M300US16820,16820,"United States - Charlottesville, VA Metro Area","Charlottesville, VA Metro Area",15086,4589,17349,12760,10571,6188,4383,2633,499,2328,1829,2134,977,1157
0100000US,,United States,310M300US16860,16860,"United States - Chattanooga, TN-GA Metro Area","Chattanooga, TN-GA Metro Area",28396,6667,45715,39048,21764,3239,18525,4591,713,6423,5710,3881,516,3365
0100000US,,United States,310M300US16940,16940,"United States - Cheyenne, WY Metro Area","Cheyenne, WY Metro Area",6446,3619,9318,5699,2824,521,2303,359,472,1317,845,-107,-3,-104
0100000US,,United States,310M300US16980,16980,"United States - Chicago-Naperville-Elgin, IL-IN-WI Metro Area","Chicago-Naperville-Elgin, IL-IN-WI Metro Area",71499,367709,869178,501469,-296320,183162,-479482,-13286,43424,115915,72491,-56875,28302,-85177
0100000US,,United States,310M300US17020,17020,"United States - Chico, CA Metro Area","Chico, CA Metro Area",9292,1211,17691,16480,8189,1840,6349,2769,100,2473,2373,2662,316,2346
0100000US,,United States,310M300US17140,17140,"United States - Cincinnati, OH-KY-IN Metro Area","Cincinnati, OH-KY-IN Metro Area",64396,60171,196146,135975,5243,26502,-21259,13053,7340,26855,19515,5826,4285,1541
0100000US,,United States,310M300US17300,17300,"United States - Clarksville, TN-KY Metro Area","Clarksville, TN-KY Metro Area",24407,22590,36476,13886,1425,6992,-5567,4199,3036,5074,2038,1139,277,862
0100000US,,United States,310M300US17420,17420,"United States - Cleveland, TN Metro Area","Cleveland, TN Metro Area",6559,997,9670,8673,5584,803,4781,1140,101,1327,1226,1036,147,889
0100000US,,United States,310M300US17460,17460,"United States - Cleveland-Elyria, OH Metro Area","Cleveland-Elyria, OH Metro Area",-18427,15223,168361,153138,-33117,31236,-64353,-1221,1805,22873,21068,-2963,5045,-8008
0100000US,,United States,310M300US17660,17660,"United States - Coeur d'Alene, ID Metro Area","Coeur d'Alene, ID Metro Area",19173,3534,12815,9281,15551,-244,15795,4493,468,1856,1388,4010,-26,4036
0100000US,,United States,310M300US17780,17780,"United States - College Station-Bryan, TX Metro Area","College Station-Bryan, TX Metro Area",29376,13138,22862,9724,16156,10249,5907,3814,1919,3342,1423,1892,1598,294
0100000US,,United States,310M300US17820,17820,"United States - Colorado Springs, CO Metro Area","Colorado Springs, CO Metro Area",78263,38264,68968,30704,39951,10304,29647,13132,5085,9861,4776,8005,799,7206
0100000US,,United States,310M300US17860,17860,"United States - Columbia, MO Metro Area","Columbia, MO Metro Area",15628,7868,15274,7406,7756,4882,2874,1716,1017,2073,1056,701,730,-29
0100000US,,United States,310M300US17900,17900,"United States - Columbia, SC Metro Area","Columbia, SC Metro Area",57557,21416,68585,47169,36318,10671,25647,7590,2564,9523,6959,5047,1377,3670
0100000US,,United States,310M300US17980,17980,"United States - Columbus, GA-AL Metro Area","Columbus, GA-AL Metro Area",8280,13057,33122,20065,-5346,6631,-11977,-2901,1236,4256,3020,-4148,465,-4613
0100000US,,United States,310M300US18020,18020,"United States - Columbus, IN Metro Area","Columbus, IN Metro Area",5254,2469,7712,5243,2817,2389,428,167,409,1109,700,-241,392,-633
0100000US,,United States,310M300US18140,18140,"United States - Columbus, OH Metro Area","Columbus, OH Metro Area",176724,88481,197185,108704,88676,45744,42932,31748,11830,27663,15833,19912,7350,12562
0100000US,,United States,310M300US18580,18580,"United States - Corpus Christi, TX Metro Area","Corpus Christi, TX Metro Area",25820,17135,44374,27239,8709,5230,3479,-58,2316,6180,3864,-2383,791,-3174
0100000US,,United States,310M300US18700,18700,"United States - Corvallis, OR Metro Area","Corvallis, OR Metro Area",5359,1310,5368,4058,4036,3192,844,1655,178,760,582,1474,508,966
0100000US,,United States,310M300US18880,18880,"United States - Crestview-Fort Walton Beach-Destin, FL Metro Area","Crestview-Fort Walton Beach-Destin, FL Metro Area",35481,8783,24958,16175,26348,3639,22709,5991,1118,3573,2455,4844,257,4587
0100000US,,United States,310M300US19060,19060,"United States - Cumberland, MD-WV Metro Area","Cumberland, MD-WV Metro Area",-4424,-1837,7033,8870,-2556,554,-3110,-679,-253,947,1200,-425,92,-517
0100000US,,United States,310M300US19100,19100,"United States - Dallas-Fort Worth-Arlington, TX Metro Area","Dallas-Fort Worth-Arlington, TX Metro Area",973431,415968,715339,299371,555586,185964,369622,146238,56597,102423,45826,89627,30798,58829
0100000US,,United States,310M300US19140,19140,"United States - Dalton, GA Metro Area","Dalton, GA Metro Area",2213,5473,13827,8354,-3215,870,-4085,366,664,1886,1222,-297,175,-472
0100000US,,United States,310M300US19180,19180,"United States - Danville, IL Metro Area","Danville, IL Metro Area",-3716,692,7617,6925,-4417,177,-4594,-651,122,1031,909,-772,33,-805
0100000US,,United States,310M300US19300,19300,"United States - Daphne-Fairhope-Foley, AL Metro Area","Daphne-Fairhope-Foley, AL Metro Area",30363,1712,16068,14356,28263,1156,27107,5119,235,2325,2090,4866,164,4702
0100000US,,United States,310M300US19340,19340,"United States - Davenport-Moline-Rock Island, IA-IL Metro Area","Davenport-Moline-Rock Island, IA-IL Metro Area",2574,8203,34784,26581,-5539,4817,-10356,-408,1145,4757,3612,-1549,825,-2374
0100000US,,United States,310M300US19380,19380,"United States - Dayton, OH Metro Area","Dayton, OH Metro Area",4165,10119,69855,59736,-5634,11230,-16864,2530,1256,9615,8359,1308,1654,-346
0100000US,,United States,310M300US19460,19460,"United States - Decatur, AL Metro Area","Decatur, AL Metro Area",-1958,913,12896,11983,-2802,553,-3355,-184,81,1764,1683,-264,94,-358
0100000US,,United States,310M300US19500,19500,"United States - Decatur, IL Metro Area","Decatur, IL Metro Area",-4967,1104,9821,8717,-6090,457,-6547,-850,157,1313,1156,-1009,71,-1080
0100000US,,United States,310M300US19660,19660,"United States - Deltona-Daytona Beach-Ormond Beach, FL Metro Area","Deltona-Daytona Beach-Ormond Beach, FL Metro Area",58908,-15634,40643,56277,74152,10550,63602,12359,-2342,5868,8210,14650,1731,12919
0100000US,,United States,310M300US19740,19740,"United States - Denver-Aurora-Lakewood, CO Metro Area","Denver-Aurora-Lakewood, CO Metro Area",344635,132149,253263,121114,209394,44577,164817,36379,17297,35764,18467,19015,7034,11981
0100000US,,United States,310M300US19780,19780,"United States - Des Moines-West Des Moines, IA Metro Area","Des Moines-West Des Moines, IA Metro Area",76278,32395,63958,31563,43634,11592,32042,11171,4541,9172,4631,6619,1807,4812
0100000US,,United States,310M300US19820,19820,"United States - Detroit-Warren-Dearborn, MI Metro Area","Detroit-Warren-Dearborn, MI Metro Area",16685,71030,364121,293091,-54640,86366,-141006,7133,8865,49940,41075,-1649,13214,-14863
0100000US,,United States,310M300US20020,20020,"United States - Dothan, AL Metro Area","Dothan, AL Metro Area",2271,1097,12831,11734,1266,210,1056,133,63,1740,1677,77,33,44
0100000US,,United States,310M300US20100,20100,"United States - Dover, DE Metro Area","Dover, DE Metro Area",14475,5187,16074,10887,9267,2399,6868,2070,505,2172,1667,1567,283,1284
0100000US,,United States,310M300US20220,20220,"United States - Dubuque, IA Metro Area","Dubuque, IA Metro Area",3388,2334,8753,6419,1120,496,624,337,354,1219,865,-14,71,-85
0100000US,,United States,310M300US20260,20260,"United States - Duluth, MN-WI Metro Area","Duluth, MN-WI Metro Area",-989,-229,20492,20721,-533,1502,-2035,-172,-104,2727,2831,-56,243,-299
0100000US,,United States,310M300US20500,20500,"United States - Durham-Chapel Hill, NC Metro Area","Durham-Chapel Hill, NC Metro Area",60805,20764,47638,26874,39686,16163,23523,8508,2530,6549,4019,5982,2522,3460
0100000US,,United States,310M300US20700,20700,"United States - East Stroudsburg, PA Metro Area","East Stroudsburg, PA Metro Area",-1792,198,10283,10085,-2016,2121,-4137,1530,-109,1408,1517,1650,342,1308
0100000US,,United States,310M300US20740,20740,"United States - Eau Claire, WI Metro Area","Eau Claire, WI Metro Area",6094,4005,13849,9844,2174,790,1384,1032,564,1894,1330,476,135,341
0100000US,,United States,310M300US20940,20940,"United States - El Centro, CA Metro Area","El Centro, CA Metro Area",8302,15425,22531,7106,-7219,2918,-10137,1850,2076,3106,1030,-220,558,-778
0100000US,,United States,310M300US21060,21060,"United States - Elizabethtown-Fort Knox, KY Metro Area","Elizabethtown-Fort Knox, KY Metro Area",2079,5174,14433,9259,-3302,2258,-5560,1490,533,1856,1323,963,145,818
0100000US,,United States,310M300US21140,21140,"United States - Elkhart-Goshen, IN Metro Area","Elkhart-Goshen, IN Metro Area",7471,10593,22299,11706,-3049,917,-3966,886,1524,3145,1621,-636,195,-831
0100000US,,United States,310M300US21300,21300,"United States - Elmira, NY Metro Area","Elmira, NY Metro Area",-3284,344,7166,6822,-3627,521,-4148,-483,5,937,932,-488,81,-569
0100000US,,United States,310M300US21340,21340,"United States - El Paso, TX Metro Area","El Paso, TX Metro Area",40695,62233,98803,36570,-21829,20697,-42526,3598,7884,13283,5399,-4301,3110,-7411
0100000US,,United States,310M300US21420,21420,"United States - Enid, OK Metro Area","Enid, OK Metro Area",1001,2077,7019,4942,-1056,1168,-2224,-803,304,952,648,-1109,109,-1218
0100000US,,United States,310M300US21500,21500,"United States - Erie, PA Metro Area","Erie, PA Metro Area",-6023,2524,22920,20396,-8511,4890,-13401,-1780,275,3031,2756,-2066,924,-2990
0100000US,,United States,310M300US21660,21660,"United States - Eugene, OR Metro Area","Eugene, OR Metro Area",23035,1427,25933,24506,21788,4151,17637,6465,204,3685,3481,6240,657,5583
0100000US,,United States,310M300US21780,21780,"United States - Evansville, IN-KY Metro Area","Evansville, IN-KY Metro Area",4115,4096,27242,23146,229,1554,-1325,-31,436,3683,3247,-451,245,-696
0100000US,,United States,310M300US21820,21820,"United States - Fairbanks, AK Metro Area","Fairbanks, AK Metro Area",2118,8947,12364,3417,-7011,2221,-9232,-899,1206,1700,494,-2110,132,-2242
0100000US,,United States,310M300US22020,22020,"United States - Fargo, ND-MN Metro Area","Fargo, ND-MN Metro Area",32579,13381,23852,10471,18997,5476,13521,3873,1971,3507,1536,1902,883,1019
0100000US,,United States,310M300US22140,22140,"United States - Farmington, NM Metro Area","Farmington, NM Metro Area",-3119,6432,13381,6949,-9633,56,-9689,-846,657,1700,1043,-1507,14,-1521
0100000US,,United States,310M300US22180,22180,"United States - Fayetteville, NC Metro Area","Fayetteville, NC Metro Area",20340,27910,47548,19638,-8741,12385,-21126,16,3365,6290,2925,-3362,835,-4197
0100000US,,United States,310M300US22220,22220,"United States - Fayetteville-Springdale-Rogers, AR-MO Metro Area","Fayetteville-Springdale-Rogers, AR-MO Metro Area",74253,26658,52151,25493,47115,9184,37931,12287,3903,7482,3579,8351,1478,6873
0100000US,,United States,310M300US22380,22380,"United States - Flagstaff, AZ Metro Area","Flagstaff, AZ Metro Area",6341,6548,12182,5634,-227,1152,-1379,697,727,1615,888,-29,212,-241
0100000US,,United States,310M300US22420,22420,"United States - Flint, MI Metro Area","Flint, MI Metro Area",-18403,4013,35720,31707,-22658,1254,-23912,-1222,231,4675,4444,-1448,176,-1624
0100000US,,United States,310M300US22500,22500,"United States - Florence, SC Metro Area","Florence, SC Metro Area",260,1881,18436,16555,-1457,532,-1989,13,103,2448,2345,-80,92,-172
0100000US,,United States,310M300US22520,22520,"United States - Florence-Muscle Shoals, AL Metro Area","Florence-Muscle Shoals, AL Metro Area",-99,-1787,11211,12998,1803,210,1593,392,-269,1543,1812,667,17,650
0100000US,,United States,310M300US22540,22540,"United States - Fond du Lac, WI Metro Area","Fond du Lac, WI Metro Area",918,1205,7895,6690,-248,1109,-1357,338,159,1043,884,184,189,-5
0100000US,,United States,310M300US22660,22660,"United States - Fort Collins, CO Metro Area","Fort Collins, CO Metro Area",44348,9970,24843,14873,33905,3032,30873,5445,1286,3488,2202,4138,489,3649
0100000US,,United States,310M300US22900,22900,"United States - Fort Smith, AR-OK Metro Area","Fort Smith, AR-OK Metro Area",1548,4015,25433,21418,-2356,1899,-4255,1054,466,3520,3054,599,354,245
0100000US,,United States,310M300US23060,23060,"United States - Fort Wayne, IN Metro Area","Fort Wayne, IN Metro Area",18363,17271,43202,25931,1389,5189,-3800,3321,2348,5956,3608,993,765,228
0100000US,,United States,310M300US23420,23420,"United States - Fresno, CA Metro Area","Fresno, CA Metro Area",58760,66674,113926,47252,-7571,12533,-20104,9721,8108,15228,7120,1642,2083,-441
0100000US,,United States,310M300US23460,23460,"United States - Gadsden, AL Metro Area","Gadsden, AL Metro Area",-1672,-1451,8579,10030,-133,65,-198,29,-252,1192,1444,286,8,278
0100000US,,United States,310M300US23540,23540,"United States - Gainesville, FL Metro Area","Gainesville, FL Metro Area",20411,7725,22274,14549,12743,9132,3611,3136,909,3087,2178,2227,1395,832
0100000US,,United States,310M300US23580,23580,"United States - Gainesville, GA Metro Area","Gainesville, GA Metro Area",19638,8818,18736,9918,10845,1445,9400,3098,1161,2700,1539,1929,247,1682
0100000US,,United States,310M300US23900,23900,"United States - Gettysburg, PA Metro Area","Gettysburg, PA Metro Area",919,237,7337,7100,748,367,381,652,18,1016,998,640,73,567
0100000US,,United States,310M300US24020,24020,"United States - Glens Falls, NY Metro Area","Glens Falls, NY Metro Area",-2784,-736,8579,9315,-1981,383,-2364,-173,-190,1118,1308,23,71,-48
0100000US,,United States,310M300US24140,24140,"United States - Goldsboro, NC Metro Area","Goldsboro, NC Metro Area",1526,3848,12202,8354,-2311,2490,-4801,-304,289,1605,1316,-594,291,-885
0100000US,,United States,310M300US24220,24220,"United States - Grand Forks, ND-MN Metro Area","Grand Forks, ND-MN Metro Area",3950,4315,10245,5930,-372,1819,-2191,183,649,1465,816,-464,253,-717
0100000US,,United States,310M300US24260,24260,"United States - Grand Island, NE Metro Area","Grand Island, NE Metro Area",3195,3412,8873,5461,-185,2271,-2456,77,521,1255,734,-445,367,-812
0100000US,,United States,310M300US24300,24300,"United States - Grand Junction, CO Metro Area","Grand Junction, CO Metro Area",4899,2961,13110,10149,2003,-213,2216,1822,311,1762,1451,1506,-40,1546
0100000US,,United States,310M300US24340,24340,"United States - Grand Rapids-Wyoming, MI Metro Area","Grand Rapids-Wyoming, MI Metro Area",70173,44489,98214,53725,26155,13800,12355,10287,5874,13548,7674,4450,2233,2217
0100000US,,United States,310M300US24420,24420,"United States - Grants Pass, OR Metro Area","Grants Pass, OR Metro Area",3639,-2477,6081,8558,6119,-135,6254,1014,-304,879,1183,1317,-12,1329
0100000US,,United States,310M300US24500,24500,"United States - Great Falls, MT Metro Area","Great Falls, MT Metro Area",330,2486,8436,5950,-2126,644,-2770,166,294,1106,812,-123,-2,-121
0100000US,,United States,310M300US24540,24540,"United States - Greeley, CO Metro Area","Greeley, CO Metro Area",51794,17449,29146,11697,33972,1166,32806,10390,2727,4485,1758,7622,203,7419
0100000US,,United States,310M300US24580,24580,"United States - Green Bay, WI Metro Area","Green Bay, WI Metro Area",13809,11285,28611,17326,2772,2811,-39,2609,1464,3902,2438,1162,448,714
0100000US,,United States,310M300US24660,24660,"United States - Greensboro-High Point, NC Metro Area","Greensboro-High Point, NC Metro Area",37334,14771,62611,47840,22992,11899,11093,4620,1521,8597,7076,3134,1861,1273
0100000US,,United States,310M300US24780,24780,"United States - Greenville, NC Metro Area","Greenville, NC Metro Area",10876,6641,15397,8756,4262,1491,2771,1415,796,2097,1301,621,225,396
0100000US,,United States,310M300US24860,24860,"United States - Greenville-Anderson-Mauldin, SC Metro Area","Greenville-Anderson-Mauldin, SC Metro Area",71814,18279,76015,57736,53414,9952,43462,11411,2383,10750,8367,9026,1592,7434
0100000US,,United States,310M300US25060,25060,"United States - Gulfport-Biloxi-Pascagoula, MS Metro Area","Gulfport-Biloxi-Pascagoula, MS Metro Area",23445,8958,35351,26393,14540,5016,9524,3396,1094,4808,3714,2302,561,1741
0100000US,,United States,310M300US25180,25180,"United States - Hagerstown-Martinsburg, MD-WV Metro Area","Hagerstown-Martinsburg, MD-WV Metro Area",13896,4790,22409,17619,9077,1744,7333,2418,552,3063,2511,1872,277,1595
0100000US,,United States,310M300US25220,25220,"United States - Hammond, LA Metro Area","Hammond, LA Metro Area",11396,5381,13900,8519,6022,672,5350,1874,659,1959,1300,1213,113,1100
0100000US,,United States,310M300US25260,25260,"United States - Hanford-Corcoran, CA Metro Area","Hanford-Corcoran, CA Metro Area",-2881,11226,17121,5895,-14442,1543,-15985,304,1355,2220,865,-1061,128,-1189
0100000US,,United States,310M300US25420,25420,"United States - Harrisburg-Carlisle, PA Metro Area","Harrisburg-Carlisle, PA Metro Area",22430,10387,47574,37187,12332,12093,239,3895,1276,6496,5220,2641,1880,761
0100000US,,United States,310M300US25500,25500,"United States - Harrisonburg, VA Metro Area","Harrisonburg, VA Metro Area",9219,3364,10342,6978,5883,3933,1950,1201,505,1507,1002,696,656,40
0100000US,,United States,310M300US25540,25540,"United States - Hartford-West Hartford-East Hartford, CT Metro Area","Hartford-West Hartford-East Hartford, CT Metro Area",-2139,11481,86636,75155,-13682,39324,-53006,184,1033,11547,10514,-866,5857,-6723
0100000US,,United States,310M300US25620,25620,"United States - Hattiesburg, MS Metro Area","Hattiesburg, MS Metro Area",6020,5264,14470,9206,689,732,-43,-66,663,1969,1306,-729,90,-819
0100000US,,United States,310M300US25860,25860,"United States - Hickory-Lenoir-Morganton, NC Metro Area","Hickory-Lenoir-Morganton, NC Metro Area",699,-796,27404,28200,1698,2687,-989,2028,-224,3732,3956,2273,470,1803
0100000US,,United States,310M300US25940,25940,"United States - Hilton Head Island-Bluffton-Beaufort, SC Metro Area","Hilton Head Island-Bluffton-Beaufort, SC Metro Area",28292,5056,17267,12211,22932,3236,19696,3734,477,2349,1872,3239,178,3061
0100000US,,United States,310M300US25980,25980,"United States - Hinesville, GA Metro Area","Hinesville, GA Metro Area",2481,9188,12218,3030,-7171,2720,-9891,416,1244,1693,449,-825,104,-929
0100000US,,United States,310M300US26140,26140,"United States - Homosassa Springs, FL Metro Area","Homosassa Springs, FL Metro Area",4411,-10166,7532,17698,14568,575,13993,2657,-1481,1061,2542,4127,93,4034
0100000US,,United States,310M300US26300,26300,"United States - Hot Springs, AR Metro Area","Hot Springs, AR Metro Area",2647,-1742,8021,9763,4404,-57,4461,427,-173,1104,1277,602,1,601
0100000US,,United States,310M300US26380,26380,"United States - Houma-Thibodaux, LA Metro Area","Houma-Thibodaux, LA Metro Area",2329,7524,21243,13719,-5123,1856,-6979,-1228,995,2953,1958,-2227,302,-2529
0100000US,,United States,310M300US26420,26420,"United States - Houston-The Woodlands-Sugar Land, TX Metro Area","Houston-The Woodlands-Sugar Land, TX Metro Area",971941,436331,703048,266717,533390,260385,273005,94417,61537,102941,41404,32722,43094,-10372
0100000US,,United States,310M300US26580,26580,"United States - Huntington-Ashland, WV-KY-OH Metro Area","Huntington-Ashland, WV-KY-OH Metro Area",-8454,-1339,29634,30973,-6924,371,-7295,-2383,-416,3843,4259,-1957,56,-2013
0100000US,,United States,310M300US26620,26620,"United States - Huntsville, AL Metro Area","Huntsville, AL Metro Area",37855,11110,37284,26174,26684,3968,22716,6216,1229,5194,3965,4988,583,4405
0100000US,,United States,310M300US26820,26820,"United States - Idaho Falls, ID Metro Area","Idaho Falls, ID Metro Area",12310,10799,17768,6969,1551,172,1379,3238,1484,2481,997,1753,47,1706
0100000US,,United States,310M300US26900,26900,"United States - Indianapolis-Carmel-Anderson, IN Metro Area","Indianapolis-Carmel-Anderson, IN Metro Area",140524,79857,193599,113742,61101,30329,30772,23002,10688,26769,16081,12366,4603,7763
0100000US,,United States,310M300US26980,26980,"United States - Iowa City, IA Metro Area","Iowa City, IA Metro Area",18905,8546,15227,6681,10375,6677,3698,2749,1134,2120,986,1614,1065,549
0100000US,,United States,310M300US27060,27060,"United States - Ithaca, NY Metro Area","Ithaca, NY Metro Area",3208,1463,6255,4792,1691,7701,-6010,241,185,806,621,50,1148,-1098
0100000US,,United States,310M300US27100,27100,"United States - Jackson, MI Metro Area","Jackson, MI Metro Area",-1608,1265,12936,11671,-2805,483,-3288,425,112,1711,1599,323,72,251
0100000US,,United States,310M300US27140,27140,"United States - Jackson, MS Metro Area","Jackson, MS Metro Area",11070,17882,54593,36711,-6932,3892,-10824,-843,1910,7204,5294,-2757,641,-3398
0100000US,,United States,310M300US27180,27180,"United States - Jackson, TN Metro Area","Jackson, TN Metro Area",-783,2199,11631,9432,-2935,445,-3380,152,218,1537,1319,-62,75,-137
0100000US,,United States,310M300US27260,27260,"United States - Jacksonville, FL Metro Area","Jacksonville, FL Metro Area",159382,43419,130339,86920,115633,28593,87040,28477,5460,18748,13288,22964,4043,18921
0100000US,,United States,310M300US27340,27340,"United States - Jacksonville, NC Metro Area","Jacksonville, NC Metro Area",16094,23584,30768,7184,-8791,7983,-16774,1694,2821,3939,1118,-1114,-56,-1058
0100000US,,United States,310M300US27500,27500,"United States - Janesville-Beloit, WI Metro Area","Janesville-Beloit, WI Metro Area",1978,3568,14079,10511,-1511,446,-1957,888,506,1935,1429,389,107,282
0100000US,,United States,310M300US27620,27620,"United States - Jefferson City, MO Metro Area","Jefferson City, MO Metro Area",1660,3690,12956,9266,-1970,925,-2895,10,398,1745,1347,-386,144,-530
0100000US,,United States,310M300US27740,27740,"United States - Johnson City, TN Metro Area","Johnson City, TN Metro Area",3298,-1874,14633,16507,5246,778,4468,710,-326,1987,2313,1041,134,907
0100000US,,United States,310M300US27780,27780,"United States - Johnstown, PA Metro Area","Johnstown, PA Metro Area",-10620,-3579,9624,13203,-7070,311,-7381,-1259,-469,1276,1745,-788,46,-834
0100000US,,United States,310M300US27860,27860,"United States - Jonesboro, AR Metro Area","Jonesboro, AR Metro Area",10243,4006,12946,8940,6217,1061,5156,1480,592,1906,1314,894,181,713
0100000US,,United States,310M300US27900,27900,"United States - Joplin, MO Metro Area","Joplin, MO Metro Area",2991,4651,17484,12833,-1628,1128,-2756,990,582,2322,1740,415,171,244
0100000US,,United States,310M300US27980,27980,"United States - Kahului-Wailuku-Lahaina, HI Metro Area","Kahului-Wailuku-Lahaina, HI Metro Area",11423,5906,14315,8409,5582,5408,174,876,568,1878,1310,319,820,-501
0100000US,,United States,310M300US28020,28020,"United States - Kalamazoo-Portage, MI Metro Area","Kalamazoo-Portage, MI Metro Area",11748,9062,29326,20264,2853,4181,-1328,2081,1081,4041,2960,1015,656,359
0100000US,,United States,310M300US28100,28100,"United States - Kankakee, IL Metro Area","Kankakee, IL Metro Area",-3844,1839,9704,7865,-5721,608,-6329,-448,169,1295,1126,-616,93,-709
0100000US,,United States,310M300US28140,28140,"United States - Kansas City, MO-KS Metro Area","Kansas City, MO-KS Metro Area",119574,80787,200535,119748,39900,23098,16802,22530,10459,27565,17106,12103,3572,8531
0100000US,,United States,310M300US28420,28420,"United States - Kennewick-Richland, WA Metro Area","Kennewick-Richland, WA Metro Area",36962,18815,31092,12277,17968,2980,14988,6497,2524,4384,1860,3970,531,3439
0100000US,,United States,310M300US28660,28660,"United States - Killeen-Temple, TX Metro Area","Killeen-Temple, TX Metro Area",38463,35587,54910,19323,2557,13276,-10719,6970,4673,7496,2823,2290,1146,1144
0100000US,,United States,310M300US28700,28700,"United States - Kingsport-Bristol-Bristol, TN-VA Metro Area","Kingsport-Bristol-Bristol, TN-VA Metro Area",-2853,-6525,21463,27988,3888,-82,3970,766,-868,2888,3756,1642,2,1640
0100000US,,United States,310M300US28740,28740,"United States - Kingston, NY Metro Area","Kingston, NY Metro Area",-3095,-429,11535,11964,-2619,2951,-5570,-129,-180,1518,1698,56,453,-397
0100000US,,United States,310M300US28940,28940,"United States - Knoxville, TN Metro Area","Knoxville, TN Metro Area",39429,2938,68023,65085,36696,5061,31635,9234,340,9482,9142,8885,833,8052
0100000US,,United States,310M300US29020,29020,"United States - Kokomo, IN Metro Area","Kokomo, IN Metro Area",-389,319,7153,6834,-655,250,-905,24,28,964,936,1,26,-25
0100000US,,United States,310M300US29100,29100,"United States - La Crosse-Onalaska, WI-MN Metro Area","La Crosse-Onalaska, WI-MN Metro Area",3269,2200,10485,8285,1128,396,732,492,268,1413,1145,229,59,170
0100000US,,United States,310M300US29180,29180,"United States - Lafayette, LA Metro Area","Lafayette, LA Metro Area",24814,20092,49776,29684,4807,5088,-281,-88,2535,6962,4427,-2626,801,-3427
0100000US,,United States,310M300US29200,29200,"United States - Lafayette-West Lafayette, IN Metro Area","Lafayette-West Lafayette, IN Metro Area",17441,8866,18945,10079,8639,11780,-3141,1943,1284,2690,1406,648,1832,-1184
0100000US,,United States,310M300US29340,29340,"United States - Lake Charles, LA Metro Area","Lake Charles, LA Metro Area",9728,6026,20490,14464,3836,1151,2685,1839,880,2939,2059,966,169,797
0100000US,,United States,310M300US29420,29420,"United States - Lake Havasu City-Kingman, AZ Metro Area","Lake Havasu City-Kingman, AZ Metro Area",7015,-6492,13400,19892,13393,-896,14289,1815,-1371,1798,3169,3171,-105,3276
0100000US,,United States,310M300US29460,29460,"United States - Lakeland-Winter Haven, FL Metro Area","Lakeland-Winter Haven, FL Metro Area",84388,8196,53892,45696,76000,20114,55886,19465,1006,7779,6773,18397,3171,15226
0100000US,,United States,310M300US29540,29540,"United States - Lancaster, PA Metro Area","Lancaster, PA Metro Area",23456,17009,51722,34713,6859,10203,-3344,3766,2198,7206,5008,1589,1653,-64
0100000US,,United States,310M300US29620,29620,"United States - Lansing-East Lansing, MI Metro Area","Lansing-East Lansing, MI Metro Area",13624,11821,38103,26282,1807,14460,-12653,3346,1538,5266,3728,1818,2111,-293
0100000US,,United States,310M300US29700,29700,"United States - Laredo, TX Metro Area","Laredo, TX Metro Area",24490,29936,39269,9333,-5411,7074,-12485,2393,3895,5253,1358,-1508,1319,-2827
0100000US,,United States,310M300US29740,29740,"United States - Las Cruces, NM Metro Area","Las Cruces, NM Metro Area",6357,11107,21938,10831,-4777,1161,-5938,1705,1324,2883,1559,390,294,96
0100000US,,United States,310M300US29820,29820,"United States - Las Vegas-Henderson-Paradise, NV Metro Area","Las Vegas-Henderson-Paradise, NV Metro Area",252810,86080,194083,108003,166153,46411,119742,47355,10582,27449,16867,36635,7221,29414
0100000US,,United States,310M300US29940,29940,"United States - Lawrence, KS Metro Area","Lawrence, KS Metro Area",9967,4411,9147,4736,5593,4540,1053,1301,667,1318,651,638,696,-58
0100000US,,United States,310M300US30020,30020,"United States - Lawton, OK Metro Area","Lawton, OK Metro Area",-2942,6507,14355,7848,-9641,2908,-12549,38,600,1749,1149,-557,179,-736
0100000US,,United States,310M300US30140,30140,"United States - Lebanon, PA Metro Area","Lebanon, PA Metro Area",6177,1398,11744,10346,4898,4167,731,1197,99,1583,1484,1104,678,426
0100000US,,United States,310M300US30300,30300,"United States - Lewiston, ID-WA Metro Area","Lewiston, ID-WA Metro Area",2027,-123,5213,5336,2176,-63,2239,514,-12,712,724,528,-10,538
0100000US,,United States,310M300US30340,30340,"United States - Lewiston-Auburn, ME Metro Area","Lewiston-Auburn, ME Metro Area",-51,1729,9332,7603,-1745,985,-2730,382,200,1241,1041,188,165,23
0100000US,,United States,310M300US30460,30460,"United States - Lexington-Fayette, KY Metro Area","Lexington-Fayette, KY Metro Area",40548,18536,45945,27409,22072,10541,11531,5890,2559,6425,3866,3345,1759,1586
0100000US,,United States,310M300US30620,30620,"United States - Lima, OH Metro Area","Lima, OH Metro Area",-3128,1372,9240,7868,-4504,169,-4673,-428,168,1242,1074,-596,22,-618
0100000US,,United States,310M300US30700,30700,"United States - Lincoln, NE Metro Area","Lincoln, NE Metro Area",29362,15007,30838,15831,14459,7702,6757,3886,1986,4208,2222,1909,1255,654
0100000US,,United States,310M300US30780,30780,"United States - Little Rock-North Little Rock-Conway, AR Metro Area","Little Rock-North Little Rock-Conway, AR Metro Area",38558,24134,70583,46449,14547,7332,7215,4883,2997,9575,6578,1902,1054,848
0100000US,,United States,310M300US30860,30860,"United States - Logan, UT-ID Metro Area","Logan, UT-ID Metro Area",12560,14517,18876,4359,-1967,1675,-3642,2313,2034,2651,617,286,237,49
0100000US,,United States,310M300US30980,30980,"United States - Longview, TX Metro Area","Longview, TX Metro Area",3097,5516,21739,16223,-2332,1665,-3997,167,611,2853,2242,-439,283,-722
0100000US,,United States,310M300US31020,31020,"United States - Longview, WA Metro Area","Longview, WA Metro Area",4502,911,8795,7884,3615,325,3290,2154,149,1278,1129,2000,62,1938
0100000US,,United States,310M300US31080,31080,"United States - Los Angeles-Long Beach-Anaheim, CA Metro Area","Los Angeles-Long Beach-Anaheim, CA Metro Area",524946,623365,1202115,578750,-93959,408586,-502545,25646,72157,160094,87937,-46586,63083,-109669
0100000US,,United States,310M300US31140,31140,"United States - Louisville/Jefferson County, KY-IN Metro Area","Louisville/Jefferson County, KY-IN Metro Area",58247,28174,114685,86511,30794,18643,12151,9105,3767,15791,12024,5395,2970,2425
0100000US,,United States,310M300US31180,31180,"United States - Lubbock, TX Metro Area","Lubbock, TX Metro Area",26113,13130,30921,17791,12933,2959,9974,2970,1779,4407,2628,1194,485,709
0100000US,,United States,310M300US31340,31340,"United States - Lynchburg, VA Metro Area","Lynchburg, VA Metro Area",8594,1993,20601,18608,6670,2616,4054,1162,254,2867,2613,916,443,473
0100000US,,United States,310M300US31420,31420,"United States - Macon-Bibb County, GA Metro Area","Macon-Bibb County, GA Metro Area",-3372,4519,21752,17233,-7877,1579,-9456,-249,260,2811,2551,-508,242,-750
0100000US,,United States,310M300US31460,31460,"United States - Madera, CA Metro Area","Madera, CA Metro Area",6047,9054,16622,7568,-3065,1310,-4375,1924,1177,2181,1004,752,269,483
0100000US,,United States,310M300US31540,31540,"United States - Madison, WI Metro Area","Madison, WI Metro Area",48802,23333,53718,30385,25591,12367,13224,6798,3148,7400,4252,3655,1949,1706
0100000US,,United States,310M300US31700,31700,"United States - Manchester-Nashua, NH Metro Area","Manchester-Nashua, NH Metro Area",8980,8740,31204,22464,410,7604,-7194,1979,999,4261,3262,995,1175,-180
0100000US,,United States,310M300US31740,31740,"United States - Manhattan, KS Metro Area","Manhattan, KS Metro Area",5338,6580,10253,3673,-1444,5136,-6580,-61,760,1305,545,-828,531,-1359
0100000US,,United States,310M300US31860,31860,"United States - Mankato-North Mankato, MN Metro Area","Mankato-North Mankato, MN Metro Area",4199,3185,8172,4987,1042,1079,-37,1039,393,1105,712,650,183,467
0100000US,,United States,310M300US31900,31900,"United States - Mansfield, OH Metro Area","Mansfield, OH Metro Area",-3887,213,10113,9900,-4087,153,-4240,-578,10,1374,1364,-587,26,-613
0100000US,,United States,310M300US32580,32580,"United States - McAllen-Edinburg-Mission, TX Metro Area","McAllen-Edinburg-Mission, TX Metro Area",85891,87171,116163,28992,-978,15468,-16446,10474,11099,15574,4475,-621,2989,-3610
0100000US,,United States,310M300US32780,32780,"United States - Medford, OR Metro Area","Medford, OR Metro Area",14273,492,16965,16473,13778,-305,14083,2773,82,2389,2307,2687,-44,2731
0100000US,,United States,310M300US32820,32820,"United States - Memphis, TN-MS-AR Metro Area","Memphis, TN-MS-AR Metro Area",23433,53388,136058,82670,-30000,10607,-40607,3067,6328,18343,12015,-3260,1680,-4940
0100000US,,United States,310M300US32900,32900,"United States - Merced, CA Metro Area","Merced, CA Metro Area",16875,18546,30355,11809,-1598,2404,-4002,3795,2370,4073,1703,1435,414,1021
0100000US,,United States,310M300US33100,33100,"United States - Miami-Fort Lauderdale-West Palm Beach, FL Metro Area","Miami-Fort Lauderdale-West Palm Beach, FL Metro Area",592525,142462,490495,348033,450144,513783,-63639,51391,16670,69419,52749,34647,81824,-47177
0100000US,,United States,310M300US33140,33140,"United States - Michigan City-La Porte, IN Metro Area","Michigan City-La Porte, IN Metro Area",-1438,1152,9584,8432,-2529,-2,-2527,-179,130,1314,1184,-307,-2,-305
0100000US,,United States,310M300US33220,33220,"United States - Midland, MI Metro Area","Midland, MI Metro Area",-218,1054,6180,5126,-1258,1126,-2384,-22,88,824,736,-109,181,-290
0100000US,,United States,310M300US33260,33260,"United States - Midland, TX Metro Area","Midland, TX Metro Area",29004,12267,20174,7907,16322,2324,13998,1514,1926,3050,1124,-413,464,-877
0100000US,,United States,310M300US33340,33340,"United States - Milwaukee-Waukesha-West Allis, WI Metro Area","Milwaukee-Waukesha-West Allis, WI Metro Area",20282,48828,144429,95601,-27959,22616,-50575,93,6075,19474,13399,-5946,3689,-9635
0100000US,,United States,310M300US33460,33460,"United States - Minneapolis-St. Paul-Bloomington, MN-WI Metro Area","Minneapolis-St. Paul-Bloomington, MN-WI Metro Area",251760,169517,331430,161913,83984,83552,432,43342,22283,45810,23527,21202,13107,8095
0100000US,,United States,310M300US33540,33540,"United States - Missoula, MT Metro Area","Missoula, MT Metro Area",8142,2874,8966,6092,5293,546,4747,1545,364,1252,888,1174,94,1080
0100000US,,United States,310M300US33660,33660,"United States - Mobile, AL Metro Area","Mobile, AL Metro Area",812,9536,40422,30886,-8517,3720,-12237,-897,994,5475,4481,-1885,493,-2378
0100000US,,United States,310M300US33700,33700,"United States - Modesto, CA Metro Area","Modesto, CA Metro Area",33448,26900,55556,28656,6804,7244,-440,6546,3753,7740,3987,2826,1162,1664
0100000US,,United States,310M300US33740,33740,"United States - Monroe, LA Metro Area","Monroe, LA Metro Area",1940,5670,18485,12815,-3632,843,-4475,-1101,612,2488,1876,-1710,127,-1837
0100000US,,United States,310M300US33780,33780,"United States - Monroe, MI Metro Area","Monroe, MI Metro Area",-2372,970,11068,10098,-3353,443,-3796,426,87,1493,1406,348,78,270
0100000US,,United States,310M300US33860,33860,"United States - Montgomery, AL Metro Area","Montgomery, AL Metro Area",-638,9652,35032,25380,-10317,3230,-13547,428,1093,4711,3618,-655,406,-1061
0100000US,,United States,310M300US34060,34060,"United States - Morgantown, WV Metro Area","Morgantown, WV Metro Area",9000,2924,10308,7384,5979,2523,3456,227,350,1395,1045,-122,419,-541
0100000US,,United States,310M300US34100,34100,"United States - Morristown, TN Metro Area","Morristown, TN Metro Area",3888,-130,9399,9529,4081,944,3137,1207,-101,1260,1361,1310,171,1139
0100000US,,United States,310M300US34580,34580,"United States - Mount Vernon-Anacortes, WA Metro Area","Mount Vernon-Anacortes, WA Metro Area",8723,2289,10556,8267,6478,1000,5478,2229,262,1475,1213,1960,196,1764
0100000US,,United States,310M300US34620,34620,"United States - Muncie, IN Metro Area","Muncie, IN Metro Area",-2485,221,8897,8676,-2674,1202,-3876,-299,-13,1168,1181,-286,194,-480
0100000US,,United States,310M300US34740,34740,"United States - Muskegon, MI Metro Area","Muskegon, MI Metro Area",1505,3080,15282,12202,-1614,387,-2001,591,351,2079,1728,247,59,188
0100000US,,United States,310M300US34820,34820,"United States - Myrtle Beach-Conway-North Myrtle Beach, SC-NC Metro Area","Myrtle Beach-Conway-North Myrtle Beach, SC-NC Metro Area",87443,-1211,30012,31223,87194,2218,84976,16372,-712,4213,4925,16953,367,16586
0100000US,,United States,310M300US34900,34900,"United States - Napa, CA Metro Area","Napa, CA Metro Area",4443,1867,10687,8820,2683,2270,413,-676,132,1446,1314,-808,321,-1129
0100000US,,United States,310M300US34940,34940,"United States - Naples-Immokalee-Marco Island, FL Metro Area","Naples-Immokalee-Marco Island, FL Metro Area",51360,975,23497,22522,50154,16518,33636,6785,-279,3304,3583,7060,2665,4395
0100000US,,United States,310M300US34980,34980,"United States - Nashville-Davidson--Murfreesboro--Franklin, TN Metro Area","Nashville-Davidson--Murfreesboro--Franklin, TN Metro Area",232162,71409,170824,99415,159311,33169,126142,34190,9967,24690,14723,24218,5510,18708
0100000US,,United States,310M300US35100,35100,"United States - New Bern, NC Metro Area","New Bern, NC Metro Area",-1948,3066,12508,9442,-5057,2786,-7843,-417,264,1590,1326,-677,172,-849
0100000US,,United States,310M300US35300,35300,"United States - New Haven-Milford, CT Metro Area","New Haven-Milford, CT Metro Area",-2027,9241,64732,55491,-11253,28377,-39630,462,1015,8650,7635,-564,4323,-4887
0100000US,,United States,310M300US35380,35380,"United States - New Orleans-Metairie, LA Metro Area","New Orleans-Metairie, LA Metro Area",85903,36897,115671,78774,47744,23037,24707,4567,4611,16299,11688,-9,3521,-3530
0100000US,,United States,310M300US35620,35620,"United States - New York-Newark-Jersey City, NY-NJ-PA Metro Area","New York-Newark-Jersey City, NY-NJ-PA Metro Area",754396,776422,1811927,1035505,-21503,1067992,-1089495,45697,93496,245608,152112,-48021,160842,-208863
0100000US,,United States,310M300US35660,35660,"United States - Niles-Benton Harbor, MI Metro Area","Niles-Benton Harbor, MI Metro Area",-2558,939,13168,12229,-3467,2648,-6115,102,79,1718,1639,27,434,-407
0100000US,,United States,310M300US35840,35840,"United States - North Port-Sarasota-Bradenton, FL Metro Area","North Port-Sarasota-Bradenton, FL Metro Area",102377,-19361,45888,65249,120534,14254,106280,16248,-3501,6463,9964,19678,2299,17379
0100000US,,United States,310M300US35980,35980,"United States - Norwich-New London, CT Metro Area","Norwich-New London, CT Metro Area",-5026,2266,19518,17252,-7365,6539,-13904,-274,43,2564,2521,-314,720,-1034
0100000US,,United States,310M300US36100,36100,"United States - Ocala, FL Metro Area","Ocala, FL Metro Area",23052,-9190,24716,33906,32200,4321,27879,6214,-1412,3533,4945,7606,717,6889
0100000US,,United States,310M300US36140,36140,"United States - Ocean City, NJ Metro Area","Ocean City, NJ Metro Area",-3712,-2857,6568,9425,-781,1268,-2049,-367,-410,872,1282,50,145,-95
0100000US,,United States,310M300US36220,36220,"United States - Odessa, TX Metro Area","Odessa, TX Metro Area",19951,11792,20300,8508,7828,1529,6299,-493,1577,2797,1220,-2078,338,-2416
0100000US,,United States,310M300US36260,36260,"United States - Ogden-Clearfield, UT Metro Area","Ogden-Clearfield, UT Metro Area",68199,52209,78446,26237,16239,3795,12444,12363,7342,10946,3604,5028,466,4562
0100000US,,United States,310M300US36420,36420,"United States - Oklahoma City, OK Metro Area","Oklahoma City, OK Metro Area",130746,55478,137709,82231,74818,22616,52202,11274,7464,19079,11615,3847,3599,248
0100000US,,United States,310M300US36500,36500,"United States - Olympia-Tumwater, WA Metro Area","Olympia-Tumwater, WA Metro Area",28328,7579,22550,14971,20793,4609,16184,6665,915,3171,2256,5731,588,5143
0100000US,,United States,310M300US36540,36540,"United States - Omaha-Council Bluffs, NE-IA Metro Area","Omaha-Council Bluffs, NE-IA Metro Area",67960,48795,96558,47763,19648,14383,5265,9313,6754,13421,6667,2596,2213,383
0100000US,,United States,310M300US36740,36740,"United States - Orlando-Kissimmee-Sanford, FL Metro Area","Orlando-Kissimmee-Sanford, FL Metro Area",375432,83072,200843,117771,291358,135860,155498,56498,10905,29173,18268,45528,22207,23321
0100000US,,United States,310M300US36780,36780,"United States - Oshkosh-Neenah, WI Metro Area","Oshkosh-Neenah, WI Metro Area",3420,3249,13715,10466,288,772,-484,859,432,1911,1479,430,124,306
0100000US,,United States,310M300US36980,36980,"United States - Owensboro, KY Metro Area","Owensboro, KY Metro Area",3622,2636,11374,8738,1077,658,419,453,359,1582,1223,100,117,-17
0100000US,,United States,310M300US37100,37100,"United States - Oxnard-Thousand Oaks-Ventura, CA Metro Area","Oxnard-Thousand Oaks-Ventura, CA Metro Area",30832,35961,75470,39509,-4681,12142,-16823,3127,3886,9898,6012,-739,2008,-2747
0100000US,,United States,310M300US37340,37340,"United States - Palm Bay-Melbourne-Titusville, FL Metro Area","Palm Bay-Melbourne-Titusville, FL Metro Area",45784,-10917,37369,48286,56706,9295,47411,11263,-1899,5309,7208,13126,1437,11689
0100000US,,United States,310M300US37460,37460,"United States - Panama City, FL Metro Area","Panama City, FL Metro Area",15008,3243,17431,14188,11676,2292,9384,631,364,2468,2104,276,249,27
0100000US,,United States,310M300US37620,37620,"United States - Parkersburg-Vienna, WV Metro Area","Parkersburg-Vienna, WV Metro Area",-1776,-549,7500,8049,-1142,-123,-1019,-590,-118,991,1109,-469,-19,-450
0100000US,,United States,310M300US37860,37860,"United States - Pensacola-Ferry Pass-Brent, FL Metro Area","Pensacola-Ferry Pass-Brent, FL Metro Area",38792,8870,41729,32859,29770,6434,23336,6010,960,5899,4939,5045,470,4575
0100000US,,United States,310M300US37900,37900,"United States - Peoria, IL Metro Area","Peoria, IL Metro Area",-6759,7695,35268,27573,-14415,3106,-17521,-3173,895,4711,3816,-4079,468,-4547
0100000US,,United States,310M300US37980,37980,"United States - Philadelphia-Camden-Wilmington, PA-NJ-DE-MD Metro Area","Philadelphia-Camden-Wilmington, PA-NJ-DE-MD Metro Area",130427,130620,520600,389980,2901,149902,-147001,18968,14065,70230,56165,5120,23269,-18149
0100000US,,United States,310M300US38060,38060,"United States - Phoenix-Mesa-Scottsdale, AZ Metro Area","Phoenix-Mesa-Scottsdale, AZ Metro Area",544141,205702,428751,223049,336896,73046,263850,88772,25216,59592,34376,63359,12070,51289
0100000US,,United States,310M300US38220,38220,"United States - Pine Bluff, AR Metro Area","Pine Bluff, AR Metro Area",-9315,543,8244,7701,-10001,87,-10088,-1449,-1,1055,1056,-1455,20,-1475
0100000US,,United States,310M300US38300,38300,"United States - Pittsburgh, PA Metro Area","Pittsburgh, PA Metro Area",-22924,-24100,173472,197572,2903,27300,-24397,-8169,-3825,23614,27439,-4274,4359,-8633
0100000US,,United States,310M300US38340,38340,"United States - Pittsfield, MA Metro Area","Pittsfield, MA Metro Area",-4959,-2580,7882,10462,-2325,1699,-4024,-545,-375,1012,1387,-165,288,-453
0100000US,,United States,310M300US38540,38540,"United States - Pocatello, ID Metro Area","Pocatello, ID Metro Area",2430,4533,9391,4858,-2090,1236,-3326,890,548,1210,662,344,235,109
0100000US,,United States,310M300US38860,38860,"United States - Portland-South Portland, ME Metro Area","Portland-South Portland, ME Metro Area",17981,1585,36108,34523,16708,5790,10918,3822,-8,5000,5008,3836,954,2882
0100000US,,United States,310M300US38900,38900,"United States - Portland-Vancouver-Hillsboro, OR-WA Metro Area","Portland-Vancouver-Hillsboro, OR-WA Metro Area",227167,81282,201872,120590,145381,38542,106839,30066,10345,28220,17875,19719,6335,13384
0100000US,,United States,310M300US38940,38940,"United States - Port St. Lucie, FL Metro Area","Port St. Lucie, FL Metro Area",49322,-4183,30774,34957,53232,7899,45333,8866,-979,4387,5366,9822,1288,8534
0100000US,,United States,310M300US39140,39140,"United States - Prescott, AZ Metro Area","Prescott, AZ Metro Area",17153,-6642,13498,20140,23582,324,23258,3805,-1008,1887,2895,4792,57,4735
0100000US,,United States,310M300US39300,39300,"United States - Providence-Warwick, RI-MA Metro Area","Providence-Warwick, RI-MA Metro Area",19912,12606,120526,107920,7990,41325,-33335,5244,1511,16542,15031,3793,6381,-2588
0100000US,,United States,310M300US39340,39340,"United States - Provo-Orem, UT Metro Area","Provo-Orem, UT Metro Area",90790,72286,88776,16490,18739,4544,14195,16197,10272,12610,2338,5902,720,5182
0100000US,,United States,310M300US39380,39380,"United States - Pueblo, CO Metro Area","Pueblo, CO Metro Area",7412,1564,13621,12057,5924,337,5587,1641,144,1859,1715,1498,53,1445
0100000US,,United States,310M300US39460,39460,"United States - Punta Gorda, FL Metro Area","Punta Gorda, FL Metro Area",22065,-10190,7408,17598,31901,2424,29477,3876,-1618,1047,2665,5465,418,5047
0100000US,,United States,310M300US39540,39540,"United States - Racine, WI Metro Area","Racine, WI Metro Area",643,4921,17442,12521,-4243,737,-4980,1061,701,2387,1686,372,112,260
0100000US,,United States,310M300US39580,39580,"United States - Raleigh, NC Metro Area","Raleigh, NC Metro Area",204590,63578,113109,49531,139611,28632,110979,30183,8370,16122,7752,21750,4407,17343
0100000US,,United States,310M300US39660,39660,"United States - Rapid City, SD Metro Area","Rapid City, SD Metro Area",12234,5903,13872,7969,6298,749,5549,1971,663,1838,1175,1302,38,1264
0100000US,,United States,310M300US39740,39740,"United States - Reading, PA Metro Area","Reading, PA Metro Area",6316,7710,35030,27320,-1269,10471,-11740,2122,922,4696,3774,1216,1738,-522
0100000US,,United States,310M300US39820,39820,"United States - Redding, CA Metro Area","Redding, CA Metro Area",2698,-64,15109,15173,2945,1608,1337,1147,-102,2042,2144,1259,270,989
0100000US,,United States,310M300US39900,39900,"United States - Reno, NV Metro Area","Reno, NV Metro Area",39156,13024,39505,26481,26147,3662,22485,8175,1718,5617,3899,6423,576,5847
0100000US,,United States,310M300US40060,40060,"United States - Richmond, VA Metro Area","Richmond, VA Metro Area",86117,34058,108313,74255,52143,24804,27339,11999,4424,15164,10740,7616,3540,4076
0100000US,,United States,310M300US40140,40140,"United States - Riverside-San Bernardino-Ontario, CA Metro Area","Riverside-San Bernardino-Ontario, CA Metro Area",355705,234825,442295,207470,122184,43685,78499,57017,29083,60916,31833,28037,6787,21250
0100000US,,United States,310M300US40220,40220,"United States - Roanoke, VA Metro Area","Roanoke, VA Metro Area",5458,-113,24460,24573,5737,5239,498,1026,-2,3470,3472,1050,753,297
0100000US,,United States,310M300US40340,40340,"United States - Rochester, MN Metro Area","Rochester, MN Metro Area",11403,10001,21063,11062,1479,4577,-3098,2184,1348,2897,1549,846,735,111
0100000US,,United States,310M300US40380,40380,"United States - Rochester, NY Metro Area","Rochester, NY Metro Area",-1743,14379,84317,69938,-15934,22718,-38652,-404,1544,11310,9766,-1946,3459,-5405
0100000US,,United States,310M300US40420,40420,"United States - Rockford, IL Metro Area","Rockford, IL Metro Area",-11140,7451,30366,22915,-18789,2698,-21487,-1359,1018,4093,3075,-2382,440,-2822
0100000US,,United States,310M300US40580,40580,"United States - Rocky Mount, NC Metro Area","Rocky Mount, NC Metro Area",-5636,670,12392,11722,-6338,440,-6778,-563,-63,1621,1684,-500,89,-589
0100000US,,United States,310M300US40660,40660,"United States - Rome, GA Metro Area","Rome, GA Metro Area",1297,1221,8725,7504,123,914,-791,993,138,1217,1079,855,153,702
0100000US,,United States,310M300US40900,40900,"United States - Sacramento--Roseville--Arden-Arcade, CA Metro Area","Sacramento--Roseville--Arden-Arcade, CA Metro Area",175740,78037,198466,120429,98822,49560,49262,29651,9067,27148,18081,20610,7722,12888
0100000US,,United States,310M300US40980,40980,"United States - Saginaw, MI Metro Area","Saginaw, MI Metro Area",-8235,1468,16380,14912,-9783,1268,-11051,-351,75,2174,2099,-422,196,-618
0100000US,,United States,310M300US41060,41060,"United States - St. Cloud, MN Metro Area","St. Cloud, MN Metro Area",8666,8883,18313,9430,-167,3364,-3531,1720,1266,2552,1286,460,604,-144
0100000US,,United States,310M300US41100,41100,"United States - St. George, UT Metro Area","St. George, UT Metro Area",27547,7564,16102,8538,19813,-254,20067,6425,901,2176,1275,5496,-39,5535
0100000US,,United States,310M300US41140,41140,"United States - St. Joseph, MO-KS Metro Area","St. Joseph, MO-KS Metro Area",-397,1823,11254,9431,-2209,1826,-4035,8,347,1530,1183,-341,315,-656
0100000US,,United States,310M300US41180,41180,"United States - St. Louis, MO-IL Metro Area","St. Louis, MO-IL Metro Area",19575,60169,246280,186111,-39894,27666,-67560,556,6388,33143,26755,-5796,4032,-9828
0100000US,,United States,310M300US41420,41420,"United States - Salem, OR Metro Area","Salem, OR Metro Area",34228,14286,38566,24280,20146,2411,17735,7774,2004,5526,3522,5756,430,5326
0100000US,,United States,310M300US41500,41500,"United States - Salinas, CA Metro Area","Salinas, CA Metro Area",22855,29841,47523,17682,-6868,6796,-13664,1544,3716,6316,2600,-2176,1029,-3205
0100000US,,United States,310M300US41540,41540,"United States - Salisbury, MD-DE Metro Area","Salisbury, MD-DE Metro Area",32089,544,30380,29836,31286,5914,25372,5828,-379,4218,4597,6177,868,5309
0100000US,,United States,310M300US41620,41620,"United States - Salt Lake City, UT Metro Area","Salt Lake City, UT Metro Area",115297,88813,136230,47417,27176,22093,5083,17127,11633,18460,6827,5511,3359,2152
0100000US,,United States,310M300US41660,41660,"United States - San Angelo, TX Metro Area","San Angelo, TX Metro Area",7710,4228,11659,7431,3455,738,2717,173,590,1638,1048,-413,26,-439
0100000US,,United States,310M300US41700,41700,"United States - San Antonio-New Braunfels, TX Metro Area","San Antonio-New Braunfels, TX Metro Area",331458,119059,236348,117289,210637,40953,169684,47763,16639,34318,17679,31064,6173,24891
0100000US,,United States,310M300US41740,41740,"United States - San Diego-Carlsbad, CA Metro Area","San Diego-Carlsbad, CA Metro Area",242343,168590,319062,150472,76282,112262,-35980,20485,20937,43652,22715,-339,15445,-15784
0100000US,,United States,310M300US41860,41860,"United States - San Francisco-Oakland-Hayward, CA Metro Area","San Francisco-Oakland-Hayward, CA Metro Area",391784,162084,377444,215360,230286,210767,19519,28280,19809,52292,32483,8595,32568,-23973
0100000US,,United States,310M300US41940,41940,"United States - San Jose-Sunnyvale-Santa Clara, CA Metro Area","San Jose-Sunnyvale-Santa Clara, CA Metro Area",161523,102717,176224,73507,59912,132938,-73026,7553,12466,23826,11360,-4982,20747,-25729
0100000US,,United States,310M300US42020,42020,"United States - San Luis Obispo-Paso Robles-Arroyo Grande, CA Metro Area","San Luis Obispo-Paso Robles-Arroyo Grande, CA Metro Area",13814,2497,19164,16667,11405,1693,9712,1123,285,2644,2359,848,309,539
0100000US,,United States,310M300US42100,42100,"United States - Santa Cruz-Watsonville, CA Metro Area","Santa Cruz-Watsonville, CA Metro Area",13531,8907,21717,12810,4719,2895,1824,701,885,2808,1923,-174,521,-695
0100000US,,United States,310M300US42140,42140,"United States - Santa Fe, NM Metro Area","Santa Fe, NM Metro Area",4533,1695,9734,8039,2960,1249,1711,807,114,1287,1173,698,148,550
0100000US,,United States,310M300US42200,42200,"United States - Santa Maria-Santa Barbara, CA Metro Area","Santa Maria-Santa Barbara, CA Metro Area",24201,19702,41503,21801,4682,10657,-5975,1854,2480,5662,3182,-615,1677,-2292
0100000US,,United States,310M300US42220,42220,"United States - Santa Rosa, CA Metro Area","Santa Rosa, CA Metro Area",20347,7564,36903,29339,13052,5284,7768,384,594,4963,4369,-183,943,-1126
0100000US,,United States,310M300US42340,42340,"United States - Savannah, GA Metro Area","Savannah, GA Metro Area",39945,16215,37603,21388,23490,6450,17040,3758,2124,5330,3206,1655,836,819
0100000US,,United States,310M300US42540,42540,"United States - Scranton--Wilkes-Barre--Hazleton, PA Metro Area","Scranton--Wilkes-Barre--Hazleton, PA Metro Area",-8199,-9543,40790,50333,1743,10501,-8758,255,-1322,5509,6831,1610,1741,-131
0100000US,,United States,310M300US42660,42660,"United States - Seattle-Tacoma-Bellevue, WA Metro Area","Seattle-Tacoma-Bellevue, WA Metro Area",427240,160899,333881,172982,266350,141849,124501,64386,21811,47792,25981,42466,21394,21072
0100000US,,United States,310M300US42680,42680,"United States - Sebastian-Vero Beach, FL Metro Area","Sebastian-Vero Beach, FL Metro Area",16355,-4674,9141,13815,20896,2184,18712,3001,-852,1260,2112,3835,391,3444
0100000US,,United States,310M300US42700,42700,"United States - Sebring, FL Metro Area","Sebring, FL Metro Area",4097,-4062,6607,10669,8214,1876,6338,1325,-601,935,1536,1926,325,1601
0100000US,,United States,310M300US43100,43100,"United States - Sheboygan, WI Metro Area","Sheboygan, WI Metro Area",-166,1372,9212,7840,-1506,850,-2356,217,177,1264,1087,45,140,-95
0100000US,,United States,310M300US43300,43300,"United States - Sherman-Denison, TX Metro Area","Sherman-Denison, TX Metro Area",10259,1232,11141,9909,9077,1063,8014,2934,257,1610,1353,2672,171,2501
0100000US,,United States,310M300US43340,43340,"United States - Shreveport-Bossier City, LA Metro Area","Shreveport-Bossier City, LA Metro Area",1122,13450,46192,32742,-12410,3451,-15861,-1470,1501,6056,4555,-2972,428,-3400
0100000US,,United States,310M300US43420,43420,"United States - Sierra Vista-Douglas, AZ Metro Area","Sierra Vista-Douglas, AZ Metro Area",-6600,2704,11814,9110,-9495,2086,-11581,-599,206,1498,1292,-808,231,-1039
0100000US,,United States,310M300US43580,43580,"United States - Sioux City, IA-NE-SD Metro Area","Sioux City, IA-NE-SD Metro Area",55,6683,17573,10890,-6676,1904,-8580,-431,963,2381,1418,-1396,321,-1717
0100000US,,United States,310M300US43620,43620,"United States - Sioux Falls, SD Metro Area","Sioux Falls, SD Metro Area",30834,15438,27849,12411,15295,4756,10539,4722,2132,3904,1772,2586,739,1847
0100000US,,United States,310M300US43780,43780,"United States - South Bend-Mishawaka, IN-MI Metro Area","South Bend-Mishawaka, IN-MI Metro Area",2600,6710,28887,22177,-4020,3766,-7786,993,975,3948,2973,29,658,-629
0100000US,,United States,310M300US43900,43900,"United States - Spartanburg, SC Metro Area","Spartanburg, SC Metro Area",21122,4570,28355,23785,16636,1260,15376,5640,578,3981,3403,5049,200,4849
0100000US,,United States,310M300US44060,44060,"United States - Spokane-Spokane Valley, WA Metro Area","Spokane-Spokane Valley, WA Metro Area",36483,12079,47474,35395,24682,5631,19051,9459,1416,6697,5281,8026,802,7224
0100000US,,United States,310M300US44100,44100,"United States - Springfield, IL Metro Area","Springfield, IL Metro Area",-1473,2667,17625,14958,-4040,1599,-5639,-1293,108,2348,2240,-1404,239,-1643
0100000US,,United States,310M300US44140,44140,"United States - Springfield, MA Metro Area","Springfield, MA Metro Area",9949,5583,45965,40382,4378,26019,-21641,991,444,6020,5576,540,3948,-3408
0100000US,,United States,310M300US44180,44180,"United States - Springfield, MO Metro Area","Springfield, MO Metro Area",25658,11442,41215,29773,14322,2059,12263,4472,1443,5711,4268,3036,346,2690
0100000US,,United States,310M300US44220,44220,"United States - Springfield, OH Metro Area","Springfield, OH Metro Area",-3790,-694,11573,12267,-3032,166,-3198,-64,-119,1561,1680,63,19,44
0100000US,,United States,310M300US44300,44300,"United States - State College, PA Metro Area","State College, PA Metro Area",8630,2397,9342,6945,6250,7707,-1457,577,222,1265,1043,349,1202,-853
0100000US,,United States,310M300US44420,44420,"United States - Staunton-Waynesboro, VA Metro Area","Staunton-Waynesboro, VA Metro Area",3503,34,9427,9393,3490,601,2889,1166,119,1405,1286,1045,97,948
0100000US,,United States,310M300US44700,44700,"United States - Stockton-Lodi, CA Metro Area","Stockton-Lodi, CA Metro Area",60116,35357,73229,37872,25115,11619,13496,11130,4610,10019,5409,6548,1902,4646
0100000US,,United States,310M300US44940,44940,"United States - Sumter, SC Metro Area","Sumter, SC Metro Area",-616,3266,10856,7590,-3868,1108,-4976,-440,391,1446,1055,-829,114,-943
0100000US,,United States,310M300US45060,45060,"United States - Syracuse, NY Metro Area","Syracuse, NY Metro Area",-7784,9900,52435,42535,-17717,14516,-32233,-2090,1095,6940,5845,-3201,2223,-5424
0100000US,,United States,310M300US45220,45220,"United States - Tallahassee, FL Metro Area","Tallahassee, FL Metro Area",13857,10274,29323,19049,3483,5886,-2403,3580,1247,4003,2756,2336,923,1413
0100000US,,United States,310M300US45300,45300,"United States - Tampa-St. Petersburg-Clearwater, FL Metro Area","Tampa-St. Petersburg-Clearwater, FL Metro Area",307930,13240,230427,217187,293057,86588,206469,54874,415,33111,32696,54321,13725,40596
0100000US,,United States,310M300US45460,45460,"United States - Terre Haute, IN Metro Area","Terre Haute, IN Metro Area",-2455,746,14484,13738,-3146,1068,-4214,-255,112,1960,1848,-364,150,-514
0100000US,,United States,310M300US45500,45500,"United States - Texarkana, TX-AR Metro Area","Texarkana, TX-AR Metro Area",1160,2806,14290,11484,-1565,162,-1727,170,371,1974,1603,-196,43,-239
0100000US,,United States,310M300US45540,45540,"United States - The Villages, FL Metro Area","The Villages, FL Metro Area",31745,-7497,3402,10899,38549,116,38433,3044,-1363,494,1857,4388,32,4356
0100000US,,United States,310M300US45780,45780,"United States - Toledo, OH Metro Area","Toledo, OH Metro Area",-6334,11996,54309,42313,-18475,4627,-23102,-923,1377,7345,5968,-2301,769,-3070
0100000US,,United States,310M300US45820,45820,"United States - Topeka, KS Metro Area","Topeka, KS Metro Area",-717,4566,21495,16929,-5209,1242,-6451,201,489,2806,2317,-280,217,-497
0100000US,,United States,310M300US45940,45940,"United States - Trenton, NJ Metro Area","Trenton, NJ Metro Area",7216,9354,30305,20951,-2297,20584,-22881,1073,1098,4039,2941,-43,3218,-3261
0100000US,,United States,310M300US46060,46060,"United States - Tucson, AZ Metro Area","Tucson, AZ Metro Area",42509,19836,85585,65749,23510,16137,7373,10250,1609,11490,9881,8636,2570,6066
0100000US,,United States,310M300US46140,46140,"United States - Tulsa, OK Metro Area","Tulsa, OK Metro Area",53175,30212,96876,66664,23395,11051,12344,3241,3724,13412,9688,-467,1949,-2416
0100000US,,United States,310M300US46220,46220,"United States - Tuscaloosa, AL Metro Area","Tuscaloosa, AL Metro Area",12629,5615,20950,15335,6968,2155,4813,1355,705,2950,2245,662,360,302
0100000US,,United States,310M300US46340,46340,"United States - Tyler, TX Metro Area","Tyler, TX Metro Area",18006,7724,22297,14573,10320,2323,7997,2422,1095,3159,2064,1330,410,920
0100000US,,United States,310M300US46520,46520,"United States - Urban Honolulu, HI Metro Area","Urban Honolulu, HI Metro Area",35441,42201,97140,54939,-6156,41875,-48031,-4111,4526,12927,8401,-8634,4839,-13473
0100000US,,United States,310M300US46540,46540,"United States - Utica-Rome, NY Metro Area","Utica-Rome, NY Metro Area",-5776,237,23344,23107,-6000,6119,-12119,-180,-68,3062,3130,-108,930,-1038
0100000US,,United States,310M300US46660,46660,"United States - Valdosta, GA Metro Area","Valdosta, GA Metro Area",5771,6458,14759,8301,-880,1879,-2759,1003,714,1953,1239,296,186,110
0100000US,,United States,310M300US46700,46700,"United States - Vallejo-Fairfield, CA Metro Area","Vallejo-Fairfield, CA Metro Area",32114,14702,37354,22652,17685,8681,9004,5140,1649,5160,3511,3490,1154,2336
0100000US,,United States,310M300US47020,47020,"United States - Victoria, TX Metro Area","Victoria, TX Metro Area",5643,3715,9984,6269,1928,480,1448,-254,485,1398,913,-743,73,-816
0100000US,,United States,310M300US47220,47220,"United States - Vineland-Bridgeton, NJ Metro Area","Vineland-Bridgeton, NJ Metro Area",-4090,4322,14926,10604,-8476,3418,-11894,-1376,494,1912,1418,-1881,535,-2416
0100000US,,United States,310M300US47260,47260,"United States - Virginia Beach-Norfolk-Newport News, VA-NC Metro Area","Virginia Beach-Norfolk-Newport News, VA-NC Metro Area",48429,65852,163787,97935,-17297,34619,-51916,2480,7762,22246,14484,-5244,3505,-8749
0100000US,,United States,310M300US47300,47300,"United States - Visalia-Porterville, CA Metro Area","Visalia-Porterville, CA Metro Area",22315,34761,55606,20845,-12390,1966,-14356,3658,4309,7292,2983,-645,466,-1111
0100000US,,United States,310M300US47380,47380,"United States - Waco, TX Metro Area","Waco, TX Metro Area",15928,10585,26798,16213,5464,2321,3143,3887,1461,3726,2265,2427,447,1980
0100000US,,United States,310M300US47460,47460,"United States - Walla Walla, WA Metro Area","Walla Walla, WA Metro Area",1755,679,5142,4463,1092,281,811,625,48,697,649,574,55,519
0100000US,,United States,310M300US47580,47580,"United States - Warner Robins, GA Metro Area","Warner Robins, GA Metro Area",12174,7232,17664,10432,4907,2949,1958,1711,798,2431,1633,918,365,553
0100000US,,United States,310M300US47900,47900,"United States - Washington-Arlington-Alexandria, DC-VA-MD-WV Metro Area","Washington-Arlington-Alexandria, DC-VA-MD-WV Metro Area",580228,342413,584628,242215,235768,301884,-66116,65908,42616,80082,37466,23217,44760,-21543
0100000US,,United States,310M300US47940,47940,"United States - Waterloo-Cedar Falls, IA Metro Area","Waterloo-Cedar Falls, IA Metro Area",2073,4136,15206,11070,-1946,2176,-4122,-2,529,2078,1549,-531,372,-903
0100000US,,United States,310M300US48060,48060,"United States - Watertown-Fort Drum, NY Metro Area","Watertown-Fort Drum, NY Metro Area",-2045,8669,15196,6527,-10901,3468,-14369,103,933,1869,936,-826,97,-923
0100000US,,United States,310M300US48140,48140,"United States - Wausau, WI Metro Area","Wausau, WI Metro Area",1669,3403,11724,8321,-1672,581,-2253,537,467,1605,1138,78,92,-14
0100000US,,United States,310M300US48260,48260,"United States - Weirton-Steubenville, WV-OH Metro Area","Weirton-Steubenville, WV-OH Metro Area",-6205,-4016,8213,12229,-2086,-74,-2012,-992,-568,1108,1676,-418,-8,-410
0100000US,,United States,310M300US48300,48300,"United States - Wenatchee, WA Metro Area","Wenatchee, WA Metro Area",7583,3470,10663,7193,4178,753,3425,1238,497,1491,994,744,148,596
0100000US,,United States,310M300US48540,48540,"United States - Wheeling, WV-OH Metro Area","Wheeling, WV-OH Metro Area",-6697,-2840,10729,13569,-3761,-91,-3670,-1617,-411,1395,1806,-1206,-19,-1187
0100000US,,United States,310M300US48620,48620,"United States - Wichita, KS Metro Area","Wichita, KS Metro Area",14704,25226,65873,40647,-10335,8117,-18452,948,3008,8694,5686,-2048,1187,-3235
0100000US,,United States,310M300US48660,48660,"United States - Wichita Falls, TX Metro Area","Wichita Falls, TX Metro Area",-246,2949,13949,11000,-3215,3157,-6372,904,295,1846,1551,615,338,277
0100000US,,United States,310M300US48700,48700,"United States - Williamsport, PA Metro Area","Williamsport, PA Metro Area",-2267,-128,9090,9218,-2110,402,-2512,-867,-153,1167,1320,-714,68,-782
0100000US,,United States,310M300US48900,48900,"United States - Wilmington, NC Metro Area","Wilmington, NC Metro Area",33275,4075,20784,16709,28846,1645,27201,6025,400,2923,2523,5598,248,5350
0100000US,,United States,310M300US49020,49020,"United States - Winchester, VA-WV Metro Area","Winchester, VA-WV Metro Area",9412,2904,11325,8421,6518,1243,5275,2294,402,1590,1188,1896,234,1662
0100000US,,United States,310M300US49180,49180,"United States - Winston-Salem, NC Metro Area","Winston-Salem, NC Metro Area",27179,8968,53907,44939,18555,4778,13777,6025,995,7350,6355,5040,729,4311
0100000US,,United States,310M300US49340,49340,"United States - Worcester, MA-CT Metro Area","Worcester, MA-CT Metro Area",25673,14497,71065,56568,11566,29014,-17448,5752,1688,9688,8000,4101,4472,-371
0100000US,,United States,310M300US49420,49420,"United States - Yakima, WA Metro Area","Yakima, WA Metro Area",6956,15870,29681,13811,-8916,295,-9211,870,1915,3942,2027,-1045,127,-1172
0100000US,,United States,310M300US49620,49620,"United States - York-Hanover, PA Metro Area","York-Hanover, PA Metro Area",11080,7336,35501,28165,4128,4613,-485,2269,903,4891,3988,1398,732,666
0100000US,,United States,310M300US49660,49660,"United States - Youngstown-Warren-Boardman, OH-PA Metro Area","Youngstown-Warren-Boardman, OH-PA Metro Area",-23873,-9606,40696,50302,-14057,2171,-16228,-2617,-1270,5551,6821,-1330,381,-1711
0100000US,,United States,310M300US49700,49700,"United States - Yuba City, CA Metro Area","Yuba City, CA Metro Area",6790,8454,18066,9612,-1686,3405,-5091,2436,1111,2427,1316,1328,438,890
0100000US,,United States,310M300US49740,49740,"United States - Yuma, AZ Metro Area","Yuma, AZ Metro Area",11784,12180,22498,10318,-702,4688,-5390,2071,1409,3014,1605,666,779,-113
